Star Rating,Name,Total AUM Range - Sep 2024,AUM CAGR over 5 years*,Main Office City,Main Office State,Profile,,,,,
★★★★★,http://www.facet.com||Facet Wealth,$1 Billion - $5 Billion,more than 100%,Baltimore,Maryland,,,,,,
★★★★★,https://sarofim.com||Sarofim Trust Co.,$5 Billion - $10 Billion,60%-70%,Houston,Texas,,,,,,
★★★★★,https://apollonwealthmanagement.com/||Apollon Wealth Management,$5 Billion - $10 Billion,80%-90%,Mount Pleasant,South Carolina,,,,,,
★★★★★,https://cynosuregroup.com/||The Cynosure Group,$1 Billion - $5 Billion,30%-40%,Salt Lake City,Utah,,,,,,
★★★★★,https://www.shadetreeadvisors.com/||Shade Tree Advisors,$500 Million - $1 Billion,90%-100%,Saratoga Springs,New York,,,,,,
★★★★★,https://www.cressetpartners.com||Cresset Asset Management,over $10 Billion,60%-70%,Chicago,Illinois,,,,,,
★★★★★,https://www.bcpglobal.com||BCP Advisors,up to $250 Million,90%-100%,Miami,Florida,,,,,,
★★★★★,econologicsfinancialadvisors.com||Econologics Financial Advisors,up to $250 Million,more than 100%,Largo,Florida,,,,,,
★★★★★,https://www.sfgrpc.com||Shuster Advisory Group,$5 Billion - $10 Billion,more than 100%,Pasadena,California,,,,,,
★★★★★,https://www.rmrwealth.com/||RMR Wealth Builders,$1 Billion - $5 Billion,60%-70%,Montclair,New Jersey,,,,,,
★★★★★,https://www.xpi.us/||XP Advisory US,$1 Billion - $5 Billion,60%-70%,Miami,Florida,,,,,,
★★★★★,https://geowealth.com/||Geowealth Management,over $10 Billion,60%-70%,Chicago,Illinois,,,,,,
★★★★★,https://sagemountainadvisors.com/||Sage Mountain Advisors,$1 Billion - $5 Billion,80%-90%,Atlanta,Georgia,,,,,,
★★★★★,http://www.advisoryalpha.com||Advisory Alpha,$1 Billion - $5 Billion,30%-40%,Holland,Michigan,,,,,,
★★★★★,https://newdayimpact.com/||Newday Funds,up to $250 Million,more than 100%,Tiburon,California,,,,,,
★★★★★,https://innoviawealth.com/||Innovia Wealth,$1 Billion - $5 Billion,80%-90%,Grand Rapids,Michigan,,,,,,
★★★★★,https://www.axxcesswealth.com/||Axxcess Wealth Management,$5 Billion - $10 Billion,50%-60%,Carlsbad,California,,,,,,
★★★★★,clearbrookadvisors.com||Clear Brook Advisors,$500 Million - $1 Billion,90%-100%,Boston,Massachusetts,,,,,,
★★★★★,https://www.integratedwealthcllc.com||Integrated Partners,over $10 Billion,50%-60%,Waltham,Massachusetts,,,,,,
★★★★★,https://oneascent.com/||Oneascent Financial Services,$1 Billion - $5 Billion,40%-50%,Birmingham,Alabama,,,,,,
★★★★★,www.clearstead.com||Clearstead Advisors,over $10 Billion,30%-40%,Cleveland,Ohio,,,,,,
★★★★★,https://www.perennialfinancialservices.com/||Perennial Investment Advisors,$1 Billion - $5 Billion,40%-50%,Los Angeles,California,,,,,,
★★★★★,https://mmbginvestment.com/||MMBG Investment Advisors Co.,$1 Billion - $5 Billion,30%-40%,Miami,Florida,,,,,,
★★★★★,https://www.waverly-advisors.com||Waverly Advisors,over $10 Billion,30%-40%,Birmingham,Alabama,,,,,,
★★★★★,https://www.hellonestegg.com/||Nest Investments,up to $250 Million,90%-100%,Conshohocken,Pennsylvania,,,,,,
★★★★★,prosperityea.com||Prosperity,$1 Billion - $5 Billion,30%-40%,Owings Mills,Maryland,,,,,,
★★★★★,https://verumpartnership.com/||Verum Partners,$500 Million - $1 Billion,30%-40%,Charlotte,North Carolina,,,,,,
★★★★★,http://www.pathstone.com/||Pathstone,over $10 Billion,40%-50%,Englewood,New Jersey,,,,,,
★★★★★,https://www.colterlewis.com||Colter Lewis Investment Partners,$1 Billion - $5 Billion,60%-70%,Greenwich,Connecticut,,,,,,
★★★★★,https://moderawealth.com/||Modera Wealth Management,over $10 Billion,30%-40%,Westwood,New Jersey,,,,,,
★★★★★,http://www.activestwm.com/||Activest Wealth Management,$500 Million - $1 Billion,30%-40%,Aventura,Florida,,,,,,
★★★★★,https://www.highlinewp.com/contact-us||Highline Wealth Partners,$250 Million - $500 Million,30%-40%,Sherman Oaks,California,,,,,,
★★★★★,http://www.cfmadvisorsinc.com/||CFM Advisors Inc,$1 Billion - $5 Billion,70%-80%,Hauppauge,New York,,,,,,
★★★★★,https://fortis.capital/||Fortis Capital Management,$250 Million - $500 Million,70%-80%,Bellevue,Washington,,,,,,
★★★★★,http://www.coylecap.com||Coyle Capital,$500 Million - $1 Billion,40%-50%,Lakeway,Texas,,,,,,
★★★★★,https://www.mvinvestmentadvisors.com/mvia-home||Martha's Vineyard Investment Advisors,up to $250 Million,10%-20%,West Tisbury,Massachusetts,,,,,,
★★★★★,https://wiss.com/service/wealth-management-and-family-office/||Wiss Private Client Advisors,$500 Million - $1 Billion,30%-40%,Florham Park,New Jersey,,,,,,
★★★★★,www.cannellspears.com||Cannell & Spears,$5 Billion - $10 Billion,30%-40%,New York,New York,,,,,,
★★★★★,https://rscapital.com/||Robertson Stephens Wealth Management,$1 Billion - $5 Billion,50%-60%,San Francisco,California,,,,,,
★★★★★,http://www.arinvgroup.com/||ARI Group,up to $250 Million,-,New York,New York,,,,,,
★★★★★,https://www.quartzpartners.com/contact||Quartz Partners,$250 Million - $500 Million,30%-40%,Saratoga Springs,New York,,,,,,
★★★★★,https://alphacore.com/contact/||Alphacore Capital,$1 Billion - $5 Billion,50%-60%,La Jolla,California,,,,,,
★★★★★,www.marquetteassociates.com||Marquette Associates,over $10 Billion,30%-40%,Chicago,Illinois,,,,,,
★★★★★,https://clgwm.com/||CLG LLC,$500 Million - $1 Billion,30%-40%,Long Beach,California,,,,,,
★★★★★,www.sprott.com||Sprott Asset Management USA,$1 Billion - $5 Billion,more than 100%,Darien,Connecticut,,,,,,
★★★★★,www.waypointcapitaladvisors.com||Waypoint Capital Advisors,$500 Million - $1 Billion,30%-40%,Minneapolis,Minnesota,,,,,,
★★★★★,https://www.alignimpact.com/||Align Impact,$500 Million - $1 Billion,40%-50%,Santa Monica,California,,,,,,
★★★★★,https://ceritypartners.com/||Cerity Partners,over $10 Billion,30%-40%,New York,New York,,,,,,
★★★★★,https://highprobabilityadvisors.com/||High Probability Advisors,$500 Million - $1 Billion,60%-70%,Pittsford,New York,,,,,,
★★★★★,http://www.jazzwealth.com||Jazz Wealth Managers,$250 Million - $500 Million,70%-80%,Largo,Florida,,,,,,
★★★★★,http://www.troweprice.com||T. Rowe Price Advisory Services,$1 Billion - $5 Billion,40%-50%,Owings Mills,Maryland,,,,,,
★★★★★,www.veratisadvisors.com||Veratis Advisors,$1 Billion - $5 Billion,more than 100%,Cary,North Carolina,,,,,,
★★★★★,https://www.circlewm.com||Circle Wealth Management,over $10 Billion,40%-50%,Summit,New Jersey,,,,,,
★★★★★,http://www.murphysylvest.com||Murphy & Sylvest,$250 Million - $500 Million,10%-20%,Dallas,Texas,,,,,,
★★★★★,https://www.ritholtzwealth.com/contact||Ritholtz Wealth Management,$5 Billion - $10 Billion,30%-40%,New York,New York,,,,,,
★★★★★,https://www.fieldercapital.com/||Fielder Capital Group,$500 Million - $1 Billion,40%-50%,Nashville,Tennessee,,,,,,
★★★★★,https://www.guidestone.org/||Guidestone Advisors,$1 Billion - $5 Billion,60%-70%,Dallas,Texas,,,,,,
★★★★★,www.perigonwealth.com||Perigon Wealth Management,$5 Billion - $10 Billion,50%-60%,San Francisco,California,,,,,,
★★★★★,https://ashtonthomaspw.com/||Ashton Thomas Private Wealth,$1 Billion - $5 Billion,50%-60%,Scottsdale,Arizona,,,,,,
★★★★★,https://www.vannequitymanagement.com||Vann Equity Management,$500 Million - $1 Billion,80%-90%,Plano,Texas,,,,,,
★★★★★,https://www.oneoakcapitalmgmt.com/||One Oak Capital Management,$250 Million - $500 Million,10%-20%,Purchase,New York,,,,,,
★★★★★,https://balboawealth.com/||Balboa Wealth Partners,$500 Million - $1 Billion,40%-50%,Scottsdale,Arizona,,,,,,
★★★★★,beaconpointe.com||Beacon Pointe Advisors,over $10 Billion,40%-50%,Newport Beach,California,,,,,,
★★★★★,https://www.covenantwealthadvisors.com/||Covenant Wealth Advisors,$250 Million - $500 Million,20%-30%,Richmond,Virginia,https://www.newsweek.com/rankings/covenant-wealth-advisors||View Profile,,,,,
★★★★★,https://klosters-capital.com/||Klosters Capital,$250 Million - $500 Million,10%-20%,Miami,Florida,,,,,,
★★★★★,https://integral-wealth.com/||Integral Investment Advisors,$250 Million - $500 Million,20%-30%,Turlock,California,,,,,,
★★★★★,https://www.clearbrookglobal.com/||Clearbrook Investment Solutions,up to $250 Million,-,New York,New York,,,,,,
★★★★★,https://www.brainvest.com||Brainvest Wealth Management,$1 Billion - $5 Billion,50%-60%,Miami,Florida,,,,,,
★★★★★,https://www.falconwealthplanning.com/||Falcon Wealth Planning,$1 Billion - $5 Billion,40%-50%,Ontario,California,,,,,,
★★★★★,https://www.pinevalleyinvestments.com/||Pine Valley Investments,$1 Billion - $5 Billion,30%-40%,Marlton,New Jersey,,,,,,
★★★★★,https://www.phraction.net/||Phraction Management,$250 Million - $500 Million,30%-40%,Colchester,Connecticut,,,,,,
★★★★★,https://www.wealthcg.com/||WCG Wealth Advisors,$5 Billion - $10 Billion,20%-30%,Las Vegas,Nevada,,,,,,
★★★★★,https://www.mayerprivatewealthmanagement.com/||MPWM Advisory Solutions,$250 Million - $500 Million,30%-40%,Alpharetta,Georgia,,,,,,
★★★★★,https://primefinancial.com||Prime Capital Financial,over $10 Billion,10%-20%,Overland Park,Kansas,,,,,,
★★★★★,https://insigneo.com/||Insigneo Advisory Services,$1 Billion - $5 Billion,30%-40%,Miami,Florida,,,,,,
★★★★★,http://www.quantinno.com/||Quantinno Capital Management,$1 Billion - $5 Billion,70%-80%,New York,New York,,,,,,
★★★★★,https://www.capitalcreek.com||Capital Creek Partners,$1 Billion - $5 Billion,50%-60%,Austin,Texas,,,,,,
★★★★★,westwoodgroup.com||Westwood Advisors,$250 Million - $500 Million,40%-50%,Dallas,Texas,,,,,,
★★★★★,http://www.lidoadvisors.com||Lido Advisors,over $10 Billion,30%-40%,Los Angeles,California,,,,,,
★★★★★,http://www.sequentplanning.com||Sequent Planning,$250 Million - $500 Million,30%-40%,Omaha,Nebraska,,,,,,
★★★★★,https://www.clintoninvestment.com||Clinton Investment Management,$1 Billion - $5 Billion,30%-40%,Stamford,Connecticut,,,,,,
★★★★★,bulltick.com||Bulltick Wealth Management,$1 Billion - $5 Billion,40%-50%,Miami,Florida,,,,,,
★★★★★,http://www.alexandercapitalwealthmanagement.com||Alexander Capital Wealth Management,up to $250 Million,30%-40%,Red Bank,New Jersey,,,,,,
★★★★★,http://www.aaronwealth.com||Aaron Wealth Advisors,$1 Billion - $5 Billion,50%-60%,Chicago,Illinois,,,,,,
★★★★★,https://www.arinllc.com/||Arin Risk Advisors,$500 Million - $1 Billion,50%-60%,Conshohocken,Pennsylvania,,,,,,
★★★★★,http://www.avisowealthmanagement.com||Aviso Wealth Management,$250 Million - $500 Million,30%-40%,Bellevue,Washington,,,,,,
★★★★★,www.wealthenhancement.com||Wealth Enhancement Advisory Services,over $10 Billion,50%-60%,Plymouth,Minnesota,,,,,,
★★★★★,www.logixinvestment.com||Logix Investments,up to $250 Million,10%-20%,Cleveland,Ohio,,,,,,
★★★★★,https://www.dimensional.com/us-en/financial-professionals||Dimensional Fund Advisors,over $10 Billion,5%-10%,Austin,Texas,,,,,,
★★★★★,tectonicadvisors.com||Tectonic Advisors,$1 Billion - $5 Billion,20%-30%,Frisco,Texas,,,,,,
★★★★★,http://www.jfgwealth.net||JFG Wealth Management,$500 Million - $1 Billion,40%-50%,Denver,Colorado,,,,,,
★★★★★,https://avior.com/||Avior Wealth Management,$1 Billion - $5 Billion,30%-40%,Omaha,Nebraska,,,,,,
★★★★★,www.persiumgroup.com||Persium Advisors,$250 Million - $500 Million,20%-30%,Atlanta,Georgia,,,,,,
★★★★★,https://www.blacktowerus.com||Blacktower Financial Management (US),up to $250 Million,20%-30%,Orlando,Florida,,,,,,
★★★★★,https://www.penningtonpartners.co/||Pennington Partners & Co.,$1 Billion - $5 Billion,30%-40%,Bethesda,Maryland,,,,,,
★★★★★,http://www.curatedwealthpartners.com||Curated Wealth Partners,$500 Million - $1 Billion,50%-60%,El Segundo,California,,,,,,
★★★★★,https://atcap.com/||ATCAP Partners,up to $250 Million,40%-50%,Rockville,Maryland,,,,,,
★★★★★,https://rwawealth.com/||RWA Wealth Partners,over $10 Billion,20%-30%,Newton,Massachusetts,,,,,,
★★★★★,http://www.idbny.com||IDB Lido Wealth,up to $250 Million,-,New York,New York,,,,,,
★★★★★,https://www.fiduciaryalliance.org/||Fiduciary Alliance,$1 Billion - $5 Billion,50%-60%,Greenville,South Carolina,,,,,,
★★★★★,https://manhattanwest.com/contact/||Manhattan West Asset Management,$1 Billion - $5 Billion,40%-50%,Los Angeles,California,,,,,,
★★★★★,https://fifthavenuefamily.com/||Fifth Avenue Family Office,$500 Million - $1 Billion,10%-20%,Naples,Florida,,,,,,
★★★★★,fta-ria.com||Financial & Tax Architects,$250 Million - $500 Million,30%-40%,St. Louis,Missouri,,,,,,
★★★★★,https://www.401kinvestmentprofessionals.com/||401k Investment Professionals,up to $250 Million,10%-20%,Waunakee,Wisconsin,,,,,,
★★★★★,http://www.angeleswealth.com||Angeles Wealth Management,$1 Billion - $5 Billion,40%-50%,Santa Monica,California,,,,,,
★★★★★,https://quadrantwealth.com/||Quadrant Capital Group,$1 Billion - $5 Billion,30%-40%,Cincinnati,Ohio,,,,,,
★★★★★,greatvalleyadvisors.com||Great Valley Advisor Group,$5 Billion - $10 Billion,30%-40%,Wilmington,Delaware,,,,,,
★★★★★,https://custosfo.com/||Custos Family Office,$500 Million - $1 Billion,30%-40%,Austin,Texas,,,,,,
★★★★★,https://elevationwp.com/||Elevation Wealth Partners,$250 Million - $500 Million,20%-30%,Santa Rosa,California,,,,,,
★★★★★,http://www.monereinvest.com||Monere Wealth Management,up to $250 Million,10%-20%,Schaumburg,Illinois,,,,,,
★★★★★,https://www.hi-linecapital.com/||Hi-Line Capital Management,$500 Million - $1 Billion,10%-20%,Watertown,South Dakota,,,,,,
★★★★★,http://www.castlekeepadvisors.com||Castlekeep Investment Advisors,$500 Million - $1 Billion,5%-10%,Westport,Connecticut,,,,,,
★★★★★,http://www.sageadvisory.com||Sage Advisory Services,over $10 Billion,10%-20%,Austin,Texas,,,,,,
★★★★★,https://unitedadvisors.com/||United Advisors America ,$250 Million - $500 Million,30%-40%,Prosper,Texas,,,,,,
★★★★★,https://www.stratoswealthadvisors.com/||Stratos Wealth Advisors,$1 Billion - $5 Billion,50%-60%,Beachwood,Ohio,,,,,,
★★★★★,https://www.bcwealthadvisors.com||BlueChip Wealth Advisors,$250 Million - $500 Million,30%-40%,Milton,Georgia,,,,,,
★★★★★,https://walknercondon.com/||Walkner Condon Financial Advisors,$500 Million - $1 Billion,40%-50%,Madison,Wisconsin,,,,,,
★★★★★,www.cliffwater.com||Cliffwater,over $10 Billion,70%-80%,Marina Del Rey,California,,,,,,
★★★★★,http://www.valueinvestmentprofessionals.com||Value Investment Professionals,up to $250 Million,-,New York,New York,,,,,,
★★★★★,https://www.winthroppartners.com||Winthrop Partners,up to $250 Million,30%-40%,Buffalo,New York,,,,,,
★★★★★,http://www.wickcapitalpartners.com||Wick Capital Partners,$250 Million - $500 Million,30%-40%,Wayne,Pennsylvania,,,,,,
★★★★★,https://poweredbyconcurrent.com/||Concurrent Investment Advisors,$5 Billion - $10 Billion,-,Tampa,Florida,,,,,,
★★★★★,https://www.kingswoodus.com||Kingswood Wealth Advisors,$1 Billion - $5 Billion,40%-50%,San Diego,California,,,,,,
★★★★★,https://oakharvestfg.com/#gref||Oak Harvest Financial Group,$500 Million - $1 Billion,40%-50%,Houston,Texas,,,,,,
★★★★★,https://www.southstatebank.com/wealth/our-strategies/asset-management||Southstate Advisory,$1 Billion - $5 Billion,50%-60%,Columbia,South Carolina,,,,,,
★★★★★,http://www.csplanningcorp.com/||CS Planning Corp.,$500 Million - $1 Billion,10%-20%,Portland,Oregon,,,,,,
★★★★★,https://www.dwassetmgmt.com/||Duncan Williams Asset Management,$1 Billion - $5 Billion,50%-60%,Memphis,Tennessee,,,,,,
★★★★★,www.westernsouthern.com||W&S Brokerage Services,up to $250 Million,-,Cincinnati,Ohio,,,,,,
★★★★★,https://aboundwealth.com/||Abound Wealth Management,$1 Billion - $5 Billion,30%-40%,Franklin,Tennessee,,,,,,
★★★★★,https://blakeschutter.com||Blake Schutter Theil Wealth Advisors,$250 Million - $500 Million,-,Dayton,Ohio,,,,,,
★★★★★,http://www.nhoffmanandco.com||Nicholas Hoffman & Company,$5 Billion - $10 Billion,50%-60%,Atlanta,Georgia,,,,,,
★★★★★,waterloocap.com||Waterloo Capital,$1 Billion - $5 Billion,10%-20%,Austin,Texas,,,,,,
★★★★★,https://redhawkwa.com/||Redhawk Wealth Advisors,$1 Billion - $5 Billion,10%-20%,Bloomington,Minnesota,,,,,,
★★★★★,http://www.elitelifeteam.com||Elite Life Management,up to $250 Million,-,Erie,Pennsylvania,,,,,,
★★★★★,http://www.mdsass.com||M.D. Sass,$1 Billion - $5 Billion,30%-40%,New York,New York,,,,,,
★★★★★,https://www.farther.com/||Farther,$1 Billion - $5 Billion,-,San Francisco,California,,,,,,
★★★★★,https://www.jacksonholepartners.com||Jackson Hole Capital Partners,$500 Million - $1 Billion,30%-40%,Tulsa,Oklahoma,,,,,,
★★★★★,www.wealth.aprio.com||Aprio Wealth Management,$1 Billion - $5 Billion,20%-30%,Atlanta,Georgia,,,,,,
★★★★★,https://www.swpconnect.com||Strategic Wealth Partners,$1 Billion - $5 Billion,30%-40%,Independence,Ohio,,,,,,
★★★★★,https://liveoakprivatewealth.com/||Live Oak Private Wealth,$500 Million - $1 Billion,40%-50%,Wilmington,North Carolina,,,,,,
★★★★★,https://www.regancapital.com/||Regan Capital,$1 Billion - $5 Billion,upto 5%,Dallas,Texas,,,,,,
★★★★★,https://www.americanapartners.com||Americana Partners,$1 Billion - $5 Billion,20%-30%,Houston,Texas,,,,,,
★★★★★,http://www.soltisadvisors.com||Soltis Investment Advisors,$5 Billion - $10 Billion,40%-50%,St. George,Utah,,,,,,
★★★★★,https://cliffordcap.com/||Clifford Capital Partners,$250 Million - $500 Million,10%-20%,Alpine,Utah,,,,,,
★★★★★,https://ctwealthmgmt.com/||Connecticut Wealth Management,$1 Billion - $5 Billion,30%-40%,Farmington,Connecticut,,,,,,
★★★★★,info@resonantcapital.com||Resonant Capital Advisors,$1 Billion - $5 Billion,30%-40%,Madison,Wisconsin,,,,,,
★★★★★,https://www.kovitz.com/||Kovitz Investment Group Partners,over $10 Billion,20%-30%,Chicago,Illinois,,,,,,
★★★★★,https://invst.com/contact/||INVST,$1 Billion - $5 Billion,30%-40%,Indianapolis,Indiana,,,,,,
★★★★★,https://www.earnedwealth.com/||Earned Wealth,$1 Billion - $5 Billion,more than 100%,New York,New York,,,,,,
★★★★★,https://www.wilianfinancial.com||Wilian Securities,up to $250 Million,-,Vadnais Heights,Minnesota,,,,,,
★★★★★,http://www.buckheadcapital.com||Buckhead Capital Management,$1 Billion - $5 Billion,30%-40%,Atlanta,Georgia,,,,,,
★★★★★,www.navyfederal.org||Navy Federal Investment Services,$1 Billion - $5 Billion,20%-30%,Vienna,Virginia,,,,,,
★★★★★,https://www.stonebridgefinancialgroup.com/||Global Financial Group Advisors,$500 Million - $1 Billion,10%-20%,Grand Rapids,Michigan,,,,,,
★★★★★,www.consultabg.com||ABG Consultants,$500 Million - $1 Billion,5%-10%,Salt Lake City,Utah,,,,,,
★★★★★,https://www.apollonfinancial.com||Apollon Financial,$250 Million - $500 Million,-,Mount Pleasant,South Carolina,,,,,,
★★★★★,https://www.coldstream.com/||Coldstream Capital Management Inc.,$5 Billion - $10 Billion,20%-30%,Bellevue,Washington,,,,,,
★★★★★,http://www.compoundfamilyoffices.com||Compound Family Offices,$250 Million - $500 Million,20%-30%,Sarasota,Florida,,,,,,
★★★★★,http://www.stratawealth.com||Strata Wealth Advisors,$500 Million - $1 Billion,30%-40%,Dallas,Texas,,,,,,
★★★★★,https://www.heirloomwm.com/||Heirloom Wealth Management,$250 Million - $500 Million,20%-30%,Greenwood Village,Colorado,,,,,,
★★★★★,https://kdtadvisors.com/||KDT Advisors,up to $250 Million,30%-40%,Brooklyn,New York,,,,,,
★★★★★,https://www.epwealth.com/||EP Wealth Advisors,over $10 Billion,30%-40%,Torrance,California,,,,,,
★★★★★,https://missionwealth.com/||Mission Wealth Management,$5 Billion - $10 Billion,30%-40%,Santa Barbara,California,,,,,,
★★★★★,https://www.truewealthllc.com/||Truewealth Advisors,$250 Million - $500 Million,40%-50%,Hoover,Alabama,,,,,,
★★★★★,http://www.eatoncambridge.com||Eaton-Cambridge,$250 Million - $500 Million,20%-30%,Phoenix,Arizona,,,,,,
★★★★★,https://www.pgim.com/investments/pgim-custom-harvest-sma-platform||PGIM Custom Harvest,$1 Billion - $5 Billion,90%-100%,Newark,New Jersey,,,,,,
★★★★★,http://spyglassfunds.com||Spyglass Capital Management,$1 Billion - $5 Billion,40%-50%,San Francisco,California,,,,,,
★★★★★,https://castlepointwealth.com/||Castlepoint Wealth Advisors,$500 Million - $1 Billion,20%-30%,Oklahoma City,Oklahoma,,,,,,
★★★★★,http://www.karmincapital.com||Fort Sheridan Advisors,$500 Million - $1 Billion,20%-30%,Highland Park,Illinois,https://www.newsweek.com/rankings/fort-sheridan-advisors||View Profile,,,,,
★★★★★,http://www.mcadamfa.com||McAdam,$1 Billion - $5 Billion,30%-40%,Philadelphia,Pennsylvania,,,,,,
★★★★★,https://dynamicadvisorsolutions.com/||Dynamic Advisor Solutions,$1 Billion - $5 Billion,20%-30%,Phoenix,Arizona,,,,,,
★★★★★,http://www.portfoliomedics.com||Portfolio Medics,$250 Million - $500 Million,30%-40%,Bonita Springs,Florida,,,,,,
★★★★★,http://www.heronbaycap.com||Heron Bay Capital Management,$500 Million - $1 Billion,-,Bloomfield Hills,Michigan,,,,,,
★★★★★,https://www.sacmgt.com||Service Academy Capital Management,$500 Million - $1 Billion,30%-40%,Dallas,Texas,,,,,,
★★★★★,https://cogentbluewealth.com/||Cogentblue Wealth Advisors,$500 Million - $1 Billion,-,Knoxville,Tennessee,,,,,,
★★★★★,https://www.merceradvisors.com/||Mercer Global Advisors,over $10 Billion,30%-40%,Denver,Colorado,,,,,,
★★★★★,https://westfulleradvisors.com||Westfuller Advisors,$1 Billion - $5 Billion,70%-80%,New York,New York,,,,,,
★★★★★,https://www.qp-global.com/||QP Global Family Offices,$1 Billion - $5 Billion,30%-40%,Greenwich,Connecticut,,,,,,
★★★★★,https://www.dgs.capital||DGS Capital Management,$250 Million - $500 Million,30%-40%,Jersey City,New Jersey,,,,,,
★★★★★,http://www.castleark.com||Castleark Management,$1 Billion - $5 Billion,upto 5%,Chicago,Illinois,,,,,,
★★★★★,http://andinaadvisors.com/||Andina Capital Management,$500 Million - $1 Billion,20%-30%,Lehi,Utah,,,,,,
★★★★★,www.nepc.com||NEPC,over $10 Billion,30%-40%,Boston,Massachusetts,,,,,,
★★★★★,https://www.captrust.com/locations/north-carolina/raleigh-nc/||CAPTRUST,over $10 Billion,20%-30%,Raleigh,North Carolina,,,,,,
★★★★★,https://www.monecoadvisors.com/contact||MONECO Advisors,$1 Billion - $5 Billion,30%-40%,Fairfield,Connecticut,,,,,,
★★★★★,uvwadvisors.com||Uhler Vertich White Advisors,$250 Million - $500 Million,10%-20%,Fort Myers,Florida,,,,,,
★★★★★,https://www.ocmwealth.com||Objective Capital Management,$250 Million - $500 Million,20%-30%,Pepper Pike,Ohio,,,,,,
★★★★★,https://www.lavellecapital.com/||Lavelle Capital,$250 Million - $500 Million,-,San Francisco,California,,,,,,
★★★★★,http://www.encompassmore.com||Encompass More Asset Management,up to $250 Million,-,Danville,California,,,,,,
★★★★★,https://www.stilesfinancial.com/||Stiles Financial Services Incorporated,$250 Million - $500 Million,more than 100%,Edina,Minnesota,,,,,,
★★★★★,https://www.siebert.com/||Siebert AdvisorNXT,up to $250 Million,30%-40%,New York,New York,,,,,,
★★★★★,https://www.artemisadvisors.com/||Artemis Financial Advisors,$250 Million - $500 Million,10%-20%,Boston,Massachusetts,,,,,,
★★★★★,https://weareoneseven.com/||OneSeven,$1 Billion - $5 Billion,30%-40%,Beachwood,Ohio,,,,,,
★★★★★,https://www.journeyadvisory.group/||Journey Advisory Group,$1 Billion - $5 Billion,40%-50%,Covington,Kentucky,,,,,,
★★★★★,https://visionarywealthadvisors.com/||Visionary Wealth Advisors,$1 Billion - $5 Billion,30%-40%,St. Louis,Missouri,,,,,,
★★★★★,https://www.mcglonesuttner.com/||McGlone Suttner Wealth Management,$500 Million - $1 Billion,40%-50%,Appleton,Wisconsin,,,,,,
★★★★★,https://www.thesumplanning.com/||The Sum,$250 Million - $500 Million,-,The Woodlands,Texas,,,,,,
★★★★★,https://twelvepointswealth.com/||Twelve Points Wealth Management,$1 Billion - $5 Billion,20%-30%,Concord,Massachusetts,,,,,,
★★★★★,http://terrawealth.com||Terra Wealth Management,$250 Million - $500 Million,-,High Point,North Carolina,https://www.newsweek.com/rankings/terrawealth-management||View Profile,,,,,
★★★★★,https://wisewealth.com/||Wise Wealth,$250 Million - $500 Million,10%-20%,Lee's Summit,Missouri,,,,,,
★★★★★,https://northrockpartners.com/||NorthRock Partners,$5 Billion - $10 Billion,30%-40%,Minneapolis,Minnesota,,,,,,
★★★★★,https://apellawealth.com/||Apella Capital,$1 Billion - $5 Billion,40%-50%,West Hartford,Connecticut,,,,,,
★★★★★,http://www.astoncapital.net/||Aston Capital Management,$500 Million - $1 Billion,10%-20%,Coral Gables,Florida,,,,,,
★★★★★,https://www.solsteincapital.com/||Solstein Capital,$500 Million - $1 Billion,20%-30%,Menlo Park,California,,,,,,
★★★★★,https://revolvewealth.com/||Revolve Wealth Partners,$1 Billion - $5 Billion,20%-30%,Hackensack,New Jersey,,,,,,
★★★★★,https://www.rootfinancial.com/||Root Financial Partners,$250 Million - $500 Million,-,Solana Beach,California,,,,,,
★★★★★,https://retirable.com/||Retirable,up to $250 Million,-,New York,New York,,,,,,
★★★★★,http://www.onegroupwealthpartners.com/||One Group Wealth Partners,up to $250 Million,-,Syracuse,New York,,,,,,
★★★★★,prudentllc.com||Prudent Investor Advisors,$1 Billion - $5 Billion,10%-20%,Folsom,California,,,,,,
★★★★★,www.totalclaritywealth.com||Total Clarity Wealth Management,$250 Million - $500 Million,20%-30%,St. Charles,Illinois,,,,,,
★★★★★,https://www.aristotlecap.com/affiliates/aristotle-atlantic-partners/||Aristotle Atlantic Partners LLC,$1 Billion - $5 Billion,50%-60%,Sarasota,Florida,,,,,,
★★★★★,https://www.keracapital.com||Kera Capital Partners,$500 Million - $1 Billion,-,San Jose,California,,,,,,
★★★★★,http://www.resolutepg.com/||Resolute Advisors,$1 Billion - $5 Billion,30%-40%,San Francisco,California,,,,,,
★★★★★,https://mosslusewomble.com/||Moss Luse & Womble,$250 Million - $500 Million,30%-40%,Plano,Texas,,,,,,
★★★★★,https://www.4-sf.com/||Symphony Financial,$500 Million - $1 Billion,20%-30%,Houston,Texas,,,,,,
★★★★★,http://www.waycrosspartners.com||Waycross Partners,$500 Million - $1 Billion,40%-50%,Louisville,Kentucky,,,,,,
★★★★★,https://www.shariaportfolio.com/||ShariaPortfolio,$500 Million - $1 Billion,60%-70%,Lake Mary,Florida,,,,,,
★★★★★,https://www.daymarkwealthpartners.com/||Daymark Wealth Partners,$1 Billion - $5 Billion,-,Cincinnati,Ohio,,,,,,
★★★★★,www.ramirezam.com||Ramirez Asset Management,$5 Billion - $10 Billion,30%-40%,New York,New York,,,,,,
★★★★★,https://www.intrua.com/||Intrua Financial,$1 Billion - $5 Billion,20%-30%,Houston,Texas,,,,,,
★★★★★,https://www.pinionwealth.com/||Pinion Investment Advisors,$250 Million - $500 Million,20%-30%,Wichita,Kansas,,,,,,
★★★★★,fiduciaryvest.com||FiduciaryVest,$1 Billion - $5 Billion,-,Atlanta,Georgia,,,,,,
★★★★★,https://pallascapitaladvisors.com||Pallas Capital Advisors,$1 Billion - $5 Billion,-,Braintree,Massachusetts,,,,,,
★★★★★,https://equitafn.com/||Equita Financial Network,$250 Million - $500 Million,-,Fort Washington,Pennsylvania,,,,,,
★★★★★,https://eabuck.com/||Buck Wealth Strategies,$250 Million - $500 Million,-,Denver,Colorado,,,,,,
★★★★½,www.dbsia.net||DBS Investment Advisers,up to $250 Million,10%-20%,Bay City,Michigan,,,,,,
★★★★½,https://secfi.com/||Secfi Advisory Limited,up to $250 Million,-,New York,New York,,,,,,
★★★★½,www.meritfinancialadvisors.com||Merit Financial Group,$5 Billion - $10 Billion,30%-40%,Alpharetta,Georgia,,,,,,
★★★★½,http://www.wealthwatchadvisors.com||Wealth Watch Advisors,$250 Million - $500 Million,5%-10%,Englewood,Colorado,,,,,,
★★★★½,https://www.thrivewealth.com||Thrive Wealth Management,$1 Billion - $5 Billion,30%-40%,Audubon,Pennsylvania,,,,,,
★★★★½,https://www.classvipartners.com||Class VI Family Office,$1 Billion - $5 Billion,30%-40%,Denver,Colorado,,,,,,
★★★★½,https://tempuswp.com/||Tempus Wealth Planning,$250 Million - $500 Million,30%-40%,Irvine,California,,,,,,
★★★★½,https://www.invex.us/||Invex Advisors,$500 Million - $1 Billion,10%-20%,Coral Gables,Florida,,,,,,
★★★★½,https://tidalfinancialgroup.com/||Tidal Investments,over $10 Billion,60%-70%,Milwaukee,Wisconsin,,,,,,
★★★★½,https://49financial.com/||49 Wealth Management,$500 Million - $1 Billion,-,Austin,Texas,,,,,,
★★★★½,https://www.transcendcapital.com/||Transcend Capital Advisors,$1 Billion - $5 Billion,30%-40%,Madison,New Jersey,,,,,,
★★★★½,https://www.savantwealth.com/||Savant Wealth Management,over $10 Billion,30%-40%,Rockford,Illinois,,,,,,
★★★★½,http://www.newpotomacpartners.com/||New Potomac Partners,up to $250 Million,5%-10%,North Bethesda,Maryland,,,,,,
★★★★½,https://destinywealthpartners.com/||Destiny Wealth Partners,$500 Million - $1 Billion,more than 100%,Tavares,Florida,,,,,,
★★★★½,https://www.goalvestadvisory.com/||Goalvest Advisory,$250 Million - $500 Million,40%-50%,New York,New York,,,,,,
★★★★½,www.sequoia-financial.com||Sequoia Financial Advisors,over $10 Billion,30%-40%,Akron,Ohio,,,,,,
★★★★½,https://pgiwealthmanagement.com/||PGI Wealth Management,$500 Million - $1 Billion,-,Milton,Georgia,,,,,,
★★★★½,www.cfscolorado.com||Coordinated Financial Services,$250 Million - $500 Million,-,Denver,Colorado,,,,,,
★★★★½,https://www.obsidianplanning.com/||Obsidian Personal Planning Solutions,$250 Million - $500 Million,10%-20%,Rockville,Maryland,,,,,,
★★★★½,https://www.collectivefamilyoffice.com/||Collective Family Office,$250 Million - $500 Million,20%-30%,York,Pennsylvania,,,,,,
★★★★½,https://www.journey-wealth.com/||Journey Wealth Management,$500 Million - $1 Billion,20%-30%,Cleveland,Ohio,,,,,,
★★★★½,https://www.clarendonprivate.com/||Clarendon Private,$250 Million - $500 Million,-,Boston,Massachusetts,https://www.newsweek.com/rankings/clarendon-private-llc||View Profile,,,,,
★★★★½,https://www.sgiam.com/||Summit Global Investments,$1 Billion - $5 Billion,10%-20%,Bountiful,Utah,https://www.newsweek.com/rankings/summit-global-investments||View Profile,,,,,
★★★★½,https://www.allianceadvisory.com||Alliance Advisory & Securities,$500 Million - $1 Billion,20%-30%,Westlake Village,California,,,,,,
★★★★½,strebelcpa.com||New Horizon Financial Strategies,up to $250 Million,-,Ithaca,New York,,,,,,
★★★★½,https://www.princetonglobal.com/||Princeton Global Asset Management,$500 Million - $1 Billion,20%-30%,Princeton,New Jersey,,,,,,
★★★★½,https://wealthmanagement.cbiz.com/||CBIZ Investment Advisory Services,$5 Billion - $10 Billion,30%-40%,Cleveland,Ohio,,,,,,
★★★★½,https://www.varrafinancial.com/||Varra Wealth Management,up to $250 Million,-,Louisville,Colorado,,,,,,
★★★★½,"https://hhrdm.com||H&H Retirement Design and Management, Inc.",up to $250 Million,10%-20%,Las Vegas,Nevada,,,,,,
★★★★½,http://www.401kgeneration.com||401K Generation,up to $250 Million,5%-10%,Altamonte Springs,Florida,,,,,,
★★★★½,https://leskofinancial.com||Lesko Securities,$250 Million - $500 Million,30%-40%,Vestal,New York,,,,,,
★★★★½,https://www.ally.com/invest/wealth-management/||Ally Invest Advisors Inc.,$1 Billion - $5 Billion,40%-50%,Charlotte,North Carolina,,,,,,
★★★★½,https://www.taxfavoredbenefits.com||TFB Advisors,$500 Million - $1 Billion,-,Overland Park,Kansas,,,,,,
★★★★½,https://patriotfinancialgroup.org/||The Patriot Financial Group,$1 Billion - $5 Billion,40%-50%,Walpole,Massachusetts,,,,,,
★★★★½,https://www.fiducientadvisors.com||Fiducient Advisors,over $10 Billion,30%-40%,Chicago,Illinois,,,,,,
★★★★½,https://www.compassadvisors.com/||Compass Advisory Group,$500 Million - $1 Billion,30%-40%,Melville,New York,,,,,,
★★★★½,http://www.xmlfg.com||XML Financial Group,$1 Billion - $5 Billion,40%-50%,Bethesda,Maryland,,,,,,
★★★★½,https://www.mediawealth.com/||Media Wealth,up to $250 Million,-,Pleasanton,California,,,,,,
★★★★½,jvlwealth.com||JVL Wealth Strategies,$500 Million - $1 Billion,20%-30%,Wyoming,Michigan,,,,,,
★★★★½,https://www.range.com/||Range Advisory,up to $250 Million,-,McLean,Virginia,,,,,,
★★★★½,https://onedayinjuly.com/||One Day In July,$500 Million - $1 Billion,20%-30%,Burlington,Vermont,,,,,,
★★★★½,https://www.emergentfs.com/||Emergent Financial Services,$1 Billion - $5 Billion,upto 5%,Charlottesville,Virginia,,,,,,
★★★★½,https://www.concentrumwealth.com/||Concentrum Wealth Management,$500 Million - $1 Billion,30%-40%,San Jose,California,,,,,,
★★★★½,https://orion.com||Orion Portfolio Solutions,over $10 Billion,40%-50%,Omaha,Nebraska,,,,,,
★★★★½,https://maiawealth.com/||Maia Wealth,$250 Million - $500 Million,-,Denver,Colorado,,,,,,
★★★★½,http://www.marbletrail.com||Marble Trail Advisors,$250 Million - $500 Million,20%-30%,Middlebury,Vermont,,,,,,
★★★★½,http://www.sophis.co||Sophis Investments,up to $250 Million,30%-40%,New York,New York,,,,,,
★★★★½,https://matchgradeadvisors.com/||Match Grade Advisors,$250 Million - $500 Million,10%-20%,Greenville,South Carolina,,,,,,
★★★★½,https://www.truewealthdesign.com/||True Wealth Design,$500 Million - $1 Billion,30%-40%,Akron,Ohio,,,,,,
★★★★½,https://www.fanria.com/||First Advisors National,$250 Million - $500 Million,20%-30%,Atlanta,Georgia,,,,,,
★★★★½,http://www.legacycapitalwp.com/||Legacy Capital Wealth Partners,$1 Billion - $5 Billion,30%-40%,Little Rock,Arkansas,,,,,,
★★★★½,https://www.tamarsecurities.com/||Tamar Securities,$1 Billion - $5 Billion,20%-30%,Woodland Hills,California,,,,,,
★★★★½,https://aleragroup.com/||Alera Investment Advisors,$1 Billion - $5 Billion,30%-40%,Deerfield,Illinois,,,,,,
★★★★½,https://www.virterapartners.com/||Virtera Partners,$250 Million - $500 Million,-,Pepper Pike,Ohio,,,,,,
★★★★½,https://www.wellspringadvisorsllc.com/||Wellspring Financial Advisors,$1 Billion - $5 Billion,20%-30%,Cleveland,Ohio,,,,,,
★★★★½,https://www.rootedpg.com/||Rooted Planning Group,up to $250 Million,20%-30%,Corning,New York,,,,,,
★★★★½,https://www.gsisus.com/||Global Strategic Investment Solutions,$1 Billion - $5 Billion,30%-40%,Scottsdale,Arizona,,,,,,
★★★★½,https://roganfinancial.com||Rogan & Associates,$500 Million - $1 Billion,10%-20%,Safety Harbor,Florida,,,,,,
★★★★½,https://www.sigfig.com/||Sigfig Wealth Management,$1 Billion - $5 Billion,40%-50%,San Francisco,California,,,,,,
★★★★½,http://www.keenermoney.com||Keener Financial Planning,$250 Million - $500 Million,10%-20%,Keller,Texas,,,,,,
★★★★½,https://www.carricklane.com/||Carrick Lane,$1 Billion - $5 Billion,-,New York,New York,,,,,,
★★★★½,www.sikich.com||Sikich Financial,$500 Million - $1 Billion,10%-20%,Springfield,Illinois,,,,,,
★★★★½,https://www.americanfundstars.com||American Fundstars,up to $250 Million,-,Newport Beach,California,,,,,,
★★★★½,www.smartportfolios.com||Smart Portfolios,up to $250 Million,upto 5%,Lake Forest Park,Washington,,,,,,
★★★★½,www.fisherinvestments.com||Fisher Investments,over $10 Billion,20%-30%,Plano,Texas,,,,,,
★★★★½,https://www.grpfinancial.com||Global Retirement Partners,over $10 Billion,20%-30%,San Rafael,California,,,,,,
★★★★½,https://www.seedpg.com/||S.E.E.D. Planning Group,$250 Million - $500 Million,30%-40%,Binghamton,New York,,,,,,
★★★★½,https://rfgadvisory.com/||RFG Advisory,$1 Billion - $5 Billion,30%-40%,Vestavia Hills,Alabama,,,,,,
★★★★½,https://homeforhybrids.com/||Home For Hybrids,$5 Billion - $10 Billion,-,Las Vegas,Nevada,,,,,,
★★★★½,https://www.claroadvisors.com/||Claro Advisors,$1 Billion - $5 Billion,20%-30%,Boston,Massachusetts,,,,,,
★★★★½,https://leowealth.com||LEO Wealth,$1 Billion - $5 Billion,20%-30%,Hurst,Texas,,,,,,
★★★★½,https://www.chi-cap.com/||Chicago Capital,$1 Billion - $5 Billion,10%-20%,Chicago,Illinois,,,,,,
★★★★½,https://baldwin.com/||The Baldwin Group,$1 Billion - $5 Billion,20%-30%,Bethesda,Maryland,,,,,,
★★★★½,https://www.fi3advisors.com/||Fi3 Financial Advisors,$500 Million - $1 Billion,20%-30%,Indianapolis,Indiana,,,,,,
★★★★½,https://tcpasset.com/||TCP Asset Management,$500 Million - $1 Billion,20%-30%,Columbus,Ohio,,,,,,
★★★★½,https://www.bmt.com/wealth/bryn-mawr-capital-management/overview/||Bryn Mawr Capital Management,$1 Billion - $5 Billion,30%-40%,Philadelphia,Pennsylvania,,,,,,
★★★★½,https://www.fm-invest.com/||F/M Investments,over $10 Billion,-,Washington,District of Columbia,,,,,,
★★★★½,https://www.regisllc.com/||Regis Management Company,$1 Billion - $5 Billion,-,Denver,Colorado,,,,,,
★★★★½,http://www.onecapital.com||One Capital Management,$5 Billion - $10 Billion,30%-40%,Westlake Village,California,,,,,,
★★★★½,https://imperialfund.com||Imperial Fund Asset Management,$5 Billion - $10 Billion,-,Hollywood,Florida,,,,,,
★★★★½,https://trajanwealth.com/||Trajan Wealth,$1 Billion - $5 Billion,30%-40%,Scottsdale,Arizona,,,,,,
★★★★½,http://www.fostervictor.com||Foster Victor Wealth Advisors,$1 Billion - $5 Billion,30%-40%,Greenville,South Carolina,,,,,,
★★★★½,https://www.fiatwm.com/||Fiat Wealth Management,$250 Million - $500 Million,-,Wayzata,Minnesota,,,,,,
★★★★½,www.assetstrategyconsultants.com||Asset Strategy Consultants,$5 Billion - $10 Billion,-,Hunt Valley,Maryland,,,,,,
★★★★½,northberkeleywealth.com||North Berkeley Wealth Management,$500 Million - $1 Billion,10%-20%,Berkeley,California,,,,,,
★★★★½,https://futureyouwealth.com/||Future You Wealth,up to $250 Million,-,New York,New York,,,,,,
★★★★½,https://moodyaldrich.com/||Moody Aldrich Partners,$500 Million - $1 Billion,10%-20%,Marblehead,Massachusetts,,,,,,
★★★★½,http://www.squireinvestment.com||Squire Wealth Advisors,$250 Million - $500 Million,10%-20%,Orem,Utah,,,,,,
★★★★½,https://www.navigatewealth.com||Navigate Wealth Management,$250 Million - $500 Million,10%-20%,Birmingham,Alabama,,,,,,
★★★★½,https://www.pfaretire.com/||Professional Financial Advisors,$250 Million - $500 Million,20%-30%,North Platte,Nebraska,,,,,,
★★★★½,https://www.elementpointe.com/||Element Pointe Family Office,$500 Million - $1 Billion,10%-20%,Miami,Florida,,,,,,
★★★★½,www.piowealth.com/pfo/||Pioneer Family Office,$500 Million - $1 Billion,10%-20%,North Miami Beach,Florida,,,,,,
★★★★½,https://www.doughertywealth.com/||Dougherty Wealth Advisers,$250 Million - $500 Million,20%-30%,Wayzata,Minnesota,,,,,,
★★★★½,http://www.rlevansco.net||R.L. Evans Co.,$250 Million - $500 Million,20%-30%,Bellevue,Washington,,,,,,
★★★★½,https://magcapadvisors.com/||Magnolia Capital Advisors,$1 Billion - $5 Billion,20%-30%,Jackson,Mississippi,,,,,,
★★★★½,https://www.seaviewinvestmentmanagers.com/||Seaview Investment Managers,$1 Billion - $5 Billion,20%-30%,Coral Gables,Florida,,,,,,
★★★★½,https://carlsonfinancial.com/||Carlson Financial,$500 Million - $1 Billion,20%-30%,Topeka,Kansas,,,,,,
★★★★½,https://aptuscapitaladvisors.com/||Aptus Capital Advisors,$5 Billion - $10 Billion,30%-40%,Fairhope,Alabama,,,,,,
★★★★½,https://www.ulrichcg.com/||Ulrich Investment Consultants,$1 Billion - $5 Billion,20%-30%,Albuquerque,New Mexico,,,,,,
★★★★½,https://thehgroup.com/||The H Group Washington,up to $250 Million,20%-30%,Portland,Oregon,,,,,,
★★★★½,https://allworthfinancial.com||Allworth Financial,over $10 Billion,40%-50%,Folsom,California,,,,,,
★★★★½,http://www.lkfunds.com||Lawson Kroeker Investment Management,$500 Million - $1 Billion,10%-20%,Omaha,Nebraska,,,,,,
★★★★½,https://www.sherwoodfp.com/||Sherwood Financial Partners,$250 Million - $500 Million,-,Westlake Village,California,,,,,,
★★★★½,https://www.igniteplanners.com/||Ignite Planners,$500 Million - $1 Billion,40%-50%,San Clemente,California,,,,,,
★★★★½,https://advisorscapital.com/||Advisors Capital Management,$5 Billion - $10 Billion,20%-30%,Ridgewood,New Jersey,,,,,,
★★★★½,http://www.eqwealthadv.com||EQ Wealth Advisors,$250 Million - $500 Million,-,Dallas,Texas,,,,,,
★★★★½,https://www.pfgteam.com/||PFG Advisors,$1 Billion - $5 Billion,20%-30%,Phoenix,Arizona,,,,,,
★★★★½,https://aldrichadvisors.com||Aldrich Wealth,$5 Billion - $10 Billion,20%-30%,Lake Oswego,Oregon,,,,,,
★★★★½,http://www.ruggaard.net/||Ruggaard & Associates,$250 Million - $500 Million,10%-20%,Hudson,Ohio,,,,,,
★★★★½,http://peconic.com||Peconic Partners,$1 Billion - $5 Billion,30%-40%,New York,New York,,,,,,
★★★★½,www.dashinvestments.com||Dash Investments,$500 Million - $1 Billion,20%-30%,Woodland Hills,California,,,,,,
★★★★½,https://enhancingcapital.com/||Enhancing Capital,$250 Million - $500 Million,upto 5%,Harrisburg,Pennsylvania,,,,,,
★★★★½,http://clearinvestmentresearch.com/||Clear Investment Research,$5 Billion - $10 Billion,5%-10%,Alpharetta,Georgia,,,,,,
★★★★½,https://www.bppwealth.com/||BPP Wealth Solutions,up to $250 Million,30%-40%,Basking Ridge,New Jersey,,,,,,
★★★★½,http://www.gardecapital.com||Garde Capital,$1 Billion - $5 Billion,10%-20%,Seattle,Washington,,,,,,
★★★★½,diversifiedllc.com||Diversified,$1 Billion - $5 Billion,30%-40%,Wilmington,Delaware,,,,,,
★★★★½,http://sentryadv.com||Sentry Advisors,$1 Billion - $5 Billion,10%-20%,San Francisco,California,,,,,,
★★★★½,www.multnomahgroup.com||Multnomah Group,$1 Billion - $5 Billion,10%-20%,Portland,Oregon,,,,,,
★★★★½,https://crossborder-wealth.com/||Cross Border Wealth,up to $250 Million,20%-30%,New York,New York,,,,,,
★★★★½,https://redtortoisellc.com/||Red Tortoise,$250 Million - $500 Million,20%-30%,Atlanta,Georgia,,,,,,
★★★★½,https://www.ms-wealth.com/||Marshall & Sterling Wealth Advisors,$500 Million - $1 Billion,40%-50%,Poughkeepsie,New York,,,,,,
★★★★½,https://www.mutual.group/||Mutual Advisors,$5 Billion - $10 Billion,30%-40%,Omaha,Nebraska,,,,,,
★★★★½,http://www.aspenwealthmgmt.com||Aspen Wealth Management,$250 Million - $500 Million,20%-30%,Fort Worth,Texas,,,,,,
★★★★½,https://ljiwm.com/||LJI Wealth Management,$500 Million - $1 Billion,20%-30%,Indianapolis,Indiana,,,,,,
★★★★½,https://www.claremarket.com/||Clare Market Investments,$250 Million - $500 Million,20%-30%,Dallas,Texas,,,,,,
★★★★½,https://www.planawm.com/||Plan A Wealth,$250 Million - $500 Million,20%-30%,Lincoln,Nebraska,,,,,,
★★★★½,https://tranquilitypartners.com/||Tranquility Partners,$500 Million - $1 Billion,20%-30%,Brentwood,Tennessee,,,,,,
★★★★½,https://www.leelynsmith.com/||Leelyn Smith,$500 Million - $1 Billion,20%-30%,Geneva,Illinois,,,,,,
★★★★½,http://www.missioncreekcap.com||Mission Creek Capital Partners,$500 Million - $1 Billion,20%-30%,San Francisco,California,,,,,,
★★★★½,https://centerpointadvisory.com||Centerpoint Advisory Group,up to $250 Million,-,Overland Park,Kansas,,,,,,
★★★★½,https://www.fftwealth.com/||FFT Wealth Management,$1 Billion - $5 Billion,10%-20%,Philadelphia,Pennsylvania,,,,,,
★★★★½,http://www.oakwealth.com||Oak Wealth Advisors,$250 Million - $500 Million,10%-20%,Northbrook,Illinois,,,,,,
★★★★½,www.wealthspire.com||Wealthspire Advisors,over $10 Billion,30%-40%,New York,New York,,,,,,
★★★★½,http://ccmr.io||Core Capital Management & Research,$1 Billion - $5 Billion,40%-50%,Houston,Texas,,,,,,
★★★★½,https://www.accelwealthmanagement.com||Accel Wealth Management,$500 Million - $1 Billion,20%-30%,Waverly,Iowa,,,,,,
★★★★½,https://asiocapital.com/||Asio Capital,$250 Million - $500 Million,30%-40%,Lexington,Kentucky,,,,,,
★★★★½,http://hollanderwealth.com||Hollander Asset Management,$500 Million - $1 Billion,5%-10%,Miami,Florida,,,,,,
★★★★½,csenge.com||Csenge Advisory Group,$1 Billion - $5 Billion,30%-40%,Clearwater,Florida,,,,,,
★★★★½,www.johnsonfinancialgroup.com||Johnson Wealth,$5 Billion - $10 Billion,10%-20%,Milwaukee,Wisconsin,,,,,,
★★★★½,https://practicecfo.com/||PracticeCFO Investments,$250 Million - $500 Million,-,San Diego,California,,,,,,
★★★★½,https://www.riversedgeadvisors.com/||Riversedge Advisors,$500 Million - $1 Billion,20%-30%,Wilmington,Delaware,,,,,,
★★★★½,rockwoodwealth.com||Rockwood Wealth Management,$1 Billion - $5 Billion,20%-30%,New Hope,Pennsylvania,,,,,,
★★★★½,https://smithbrothersfs.com||Smith Brothers Financial,$500 Million - $1 Billion,-,Glastonbury,Connecticut,,,,,,
★★★★½,http://www.gentrustwm.com/||GenTrust,$1 Billion - $5 Billion,20%-30%,Miami,Florida,,,,,,
★★★★½,https://lumierefg.com/||Lumiere Financial Group,up to $250 Million,-,New York,New York,,,,,,
★★★★½,www.planningretirements.com||The Retirement Planning Group,$1 Billion - $5 Billion,20%-30%,Leawood,Kansas,,,,,,
★★★★½,https://www.everspire.com/||Everspire,up to $250 Million,-,Midvale,Utah,,,,,,
★★★★½,https://www.couriercapital.com/||Courier Capital,$1 Billion - $5 Billion,10%-20%,Buffalo,New York,,,,,,
★★★★½,https://www.certiorfinancial.com/||Certior Financial Group,$250 Million - $500 Million,10%-20%,King of Prussia,Pennsylvania,,,,,,
★★★★½,https://revisorgroup.com/||Revisor Wealth Management,$1 Billion - $5 Billion,-,Akron,Ohio,,,,,,
★★★★½,https://stelac.com/||Stelac Advisory Services,$1 Billion - $5 Billion,10%-20%,New York,New York,,,,,,
★★★★½,https://venturiprivatewealth.com/||Venturi Wealth Management,$1 Billion - $5 Billion,10%-20%,Austin,Texas,,,,,,
★★★★½,https://www.fortpointcap.com||Fort Point Capital Partners,$1 Billion - $5 Billion,10%-20%,San Francisco,California,,,,,,
★★★★½,https://www.talsoncapital.com||Talson Capital Management,$500 Million - $1 Billion,5%-10%,Darien,Connecticut,,,,,,
★★★★½,https://artafinance.com/||Arta Finance Wealth Management,up to $250 Million,-,Mountain View,California,,,,,,
★★★★½,http://www.snowdenlane.com||Snowden Capital Advisors,$5 Billion - $10 Billion,20%-30%,New York,New York,,,,,,
★★★★½,https://www.pasadenaprivatewealth.com||Pasadena Private Wealth,$1 Billion - $5 Billion,20%-30%,Pasadena,California,,,,,,
★★★★½,https://hobbsgroupadvisors.com/||Hobbs Group Advisors,$250 Million - $500 Million,20%-30%,Columbia,South Carolina,,,,,,
★★★★½,www.meritfinancialpartners.com||Merit Financial Partners,$250 Million - $500 Million,20%-30%,Maspeth,New York,,,,,,
★★★★½,https://www.sepiocap.com/||Sepio Capital,$5 Billion - $10 Billion,10%-20%,Salt Lake City,Utah,,,,,,
★★★★½,https://financialfocusllc.com/||Financial Focus,$500 Million - $1 Billion,20%-30%,Carlsbad,California,,,,,,
★★★★½,https://www.scissortailwealth.com||Scissortail Wealth Management,$250 Million - $500 Million,20%-30%,Tulsa,Oklahoma,,,,,,
★★★★½,https://www.vectorglobalwmg.com/||VectorGlobal IAG,$1 Billion - $5 Billion,30%-40%,Miami,Florida,,,,,,
★★★★½,https://www.altawealthadvisors.com/||Alta Wealth Advisors,$250 Million - $500 Million,20%-30%,Woburn,Massachusetts,,,,,,
★★★★½,cipvt.com||Champlain Investment Partners,over $10 Billion,10%-20%,Burlington,Vermont,,,,,,
★★★★½,https://paragon-adv.com/||Paragon Advisors,$500 Million - $1 Billion,20%-30%,College Station,Texas,,,,,,
★★★★½,https://www.clearhavencm.com/||Clear Haven Capital Management,$250 Million - $500 Million,40%-50%,New York,New York,,,,,,
★★★★½,http://www.wamboltwealth.com||Wambolt & Associates,$500 Million - $1 Billion,20%-30%,Littleton,Colorado,,,,,,
★★★★½,https://meetolio.com/||Olio Financial Planning,$250 Million - $500 Million,20%-30%,McLean,Virginia,,,,,,
★★★★½,https://www.empirical.net/||Empirical Wealth Management,$5 Billion - $10 Billion,20%-30%,Seattle,Washington,,,,,,
★★★★½,https://1900wealth.com/||1900 Wealth Management,$1 Billion - $5 Billion,30%-40%,San Antonio,Texas,,,,,,
★★★★½,https://twowestadvisors.com/||Two West Capital Advisors,$1 Billion - $5 Billion,10%-20%,Overland Park,Kansas,,,,,,
★★★★½,https://lakest.com/||Lake Street Private Wealth,$500 Million - $1 Billion,20%-30%,Chicago,Illinois,,,,,,
★★★★½,https://eaglebayadvisors.com||Eagle Bay Family Office,$500 Million - $1 Billion,20%-30%,New York,New York,,,,,,
★★★★½,traynorcapitalmanagement.com||Traynor Capital Management,$1 Billion - $5 Billion,30%-40%,Malvern,Pennsylvania,,,,,,
★★★★½,https://baybridgecg.com/||Baybridge Capital Group,up to $250 Million,30%-40%,Pleasanton,California,,,,,,
★★★★½,https://www.brightonjones.com||Brighton Jones,over $10 Billion,10%-20%,Seattle,Washington,,,,,,
★★★★½,http://www.suncoastequity.com||Suncoast Equity Management,$1 Billion - $5 Billion,20%-30%,Tampa,Florida,,,,,,
★★★★½,https://prosperitasfin.com/||Prosperitas Financial,$250 Million - $500 Million,-,Valencia,California,,,,,,
★★★★½,https://www.withumwealth.com/||Withum Wealth Management,$1 Billion - $5 Billion,20%-30%,Red Bank,New Jersey,,,,,,
★★★★½,https://www.signaladvisors.com/||Signal Advisors Wealth,$250 Million - $500 Million,-,Detroit,Michigan,,,,,,
★★★★½,carystreetpartners.com||Cary Street Partners Investment Advisory,$5 Billion - $10 Billion,30%-40%,Richmond,Virginia,,,,,,
★★★★½,www.heroldlantern.com||Lantern Wealth Advisors,up to $250 Million,10%-20%,Melville,New York,,,,,,
★★★★½,https://www.paloaltowealth.com/||Palo Alto Wealth Advisors,$500 Million - $1 Billion,20%-30%,Palo Alto,California,,,,,,
★★★★½,https://www.wealthcpas.com/||Wealth Management CPAs,up to $250 Million,-,Salt Lake City,Utah,,,,,,
★★★★½,www.sage-cap.com||Sage Capital Advisors,$500 Million - $1 Billion,10%-20%,Sioux Falls,South Dakota,,,,,,
★★★★½,https://avestarcapital.com/||Avestar Capital,$1 Billion - $5 Billion,30%-40%,New York,New York,,,,,,
★★★★½,http://www.investpwm.com||Paradigm Wealth Management,$250 Million - $500 Million,10%-20%,Westlake,Ohio,,,,,,
★★★★½,https://www.financialadvisorsnetwork.net/||Financial Advisors Network,$500 Million - $1 Billion,20%-30%,Tustin,California,,,,,,
★★★★½,https://www.principlewealthpartners.com/||Principle Wealth Partners,$1 Billion - $5 Billion,20%-30%,Madison,Connecticut,,,,,,
★★★★½,http://www.faircourtpartners.com/||Faircourt Partners,$1 Billion - $5 Billion,30%-40%,Chicago,Illinois,,,,,,
★★★★½,www.intellicents.com||Intellicents Investment Solutions Inc.,$5 Billion - $10 Billion,5%-10%,Albert Lea,Minnesota,,,,,,
★★★★½,http://www.sandycoveadvisors.com||Sandy Cove Advisors,$250 Million - $500 Million,20%-30%,Hingham,Massachusetts,,,,,,
★★★★½,https://www.evokeadvisors.com/||Evoke Advisors,over $10 Billion,-,Los Angeles,California,,,,,,
★★★★½,https://littlehousecapital.com/||Little House Capital,$500 Million - $1 Billion,20%-30%,Braintree,Massachusetts,,,,,,
★★★★½,https://flourishwealthmanagement.com/||Flourish Wealth Management,$250 Million - $500 Million,20%-30%,Edina,Minnesota,,,,,,
★★★★½,https://www.sentinelgroup.com/||Sentinel Pension Advisors Inc.,$5 Billion - $10 Billion,10%-20%,Wakefield,Massachusetts,,,,,,
★★★★½,http://www.tandemadvisors.com||Tandem Investment Advisors Inc.,$1 Billion - $5 Billion,40%-50%,Charleston,South Carolina,,,,,,
★★★★½,http://www.tlwmadvisor.com||TLWM,$250 Million - $500 Million,10%-20%,San Antonio,Texas,,,,,,
★★★★½,http://www.mountaincapital.us||Mountain Capital Investment Advisors Inc.,$500 Million - $1 Billion,20%-30%,Westminster,Colorado,,,,,,
★★★★½,http://www.chicagopartnersllc.com||Chicago Partners Investment Group,$1 Billion - $5 Billion,20%-30%,Chicago,Illinois,,,,,,
★★★★½,https://bouchey.com/||Bouchey Financial Group,$1 Billion - $5 Billion,20%-30%,Troy,New York,,,,,,
★★★★½,https://mayfairag.com/||Mayfair Advisory Group,$500 Million - $1 Billion,-,Birmingham,Alabama,,,,,,
★★★★½,https://www.adaptivefc.com/||Adaptive Financial Consulting,$250 Million - $500 Million,20%-30%,Beachwood,Ohio,,,,,,
★★★★½,http://www.visionaryhorizons.com||Visionary Horizons,$250 Million - $500 Million,10%-20%,Knoxville,Tennessee,,,,,,
★★★★½,https://tschettergroup.com||Tschetter Group,$1 Billion - $5 Billion,20%-30%,Bellevue,Washington,,,,,,
★★★★½,https://www.sbbrg.com/||SBB Research Group,$1 Billion - $5 Billion,40%-50%,Northbrook,Illinois,,,,,,
★★★★½,https://www.nomadglobal.com/||Nomad Fintech Inc.,up to $250 Million,-,Menlo Park,California,,,,,,
★★★★½,https://roundrockadvisors.com/||Round Rock Advisors,$500 Million - $1 Billion,20%-30%,Wilton,Connecticut,,,,,,
★★★★½,amicusadvisors.com||Amicus Financial Advisors,$250 Million - $500 Million,20%-30%,Lubbock,Texas,,,,,,
★★★★½,https://pacesferrywealth.com/||Paces Ferry Wealth Advisors,$250 Million - $500 Million,10%-20%,Atlanta,Georgia,,,,,,
★★★★½,https://www.sglfinancial.com/||SGL Financial,up to $250 Million,20%-30%,Buffalo Grove,Illinois,,,,,,
★★★★½,https://capitalwealthplanning.com/||Capital Wealth Planning,$5 Billion - $10 Billion,50%-60%,Naples,Florida,,,,,,
★★★★½,www.traditionwealthmanagement.com||Tradition Wealth Management,$1 Billion - $5 Billion,20%-30%,Edina,Minnesota,,,,,,
★★★★½,https://www.bigsurpartners.com/||Bigsur Wealth Management,$1 Billion - $5 Billion,5%-10%,Miami,Florida,,,,,,
★★★★½,https://www.masadvisorsllc.com/||MAS Advisors,$1 Billion - $5 Billion,20%-30%,Miami,Florida,,,,,,
★★★★½,https://www.wealthedge.com||WealthEdge Investment Advisors,$250 Million - $500 Million,10%-20%,New York,New York,,,,,,
★★★★½,https://miraclemileadvisors.com/||Miracle Mile Advisors,$1 Billion - $5 Billion,20%-30%,Los Angeles,California,,,,,,
★★★★½,https://hubrpw.com/offices/austin-tx/||Hub Investment Partners,$5 Billion - $10 Billion,-,Austin,Texas,,,,,,
★★★★½,https://www.oakcrestadvisory.com/||Oak Crest Advisory,up to $250 Million,-,Rochester,New York,,,,,,
★★★★½,http://www.montroseadvisors.com||Montrose Advisors Incorporated,$250 Million - $500 Million,20%-30%,New York,New York,,,,,,
★★★★½,http://www.bancolombiacapital.com||Bancolombia Capital Advisers,up to $250 Million,-,Miami,Florida,,,,,,
★★★★½,https://www.themainstreetgroup.com/||The Main Street Group,$250 Million - $500 Million,20%-30%,Glen Allen,Virginia,,,,,,
★★★★½,http://www.gillinvest.com||Gill Capital Partners,$500 Million - $1 Billion,20%-30%,Denver,Colorado,,,,,,
★★★★½,https://reddoorwealth.com/||Red Door Wealth Management,$1 Billion - $5 Billion,30%-40%,Memphis,Tennessee,,,,,,
★★★★½,https://inscriptioncapital.com/home||Inscription Capital,$1 Billion - $5 Billion,20%-30%,Houston,Texas,,,,,,
★★★★½,http://avaii.com||Avaii Wealth Management,$250 Million - $500 Million,20%-30%,Appleton,Wisconsin,,,,,,
★★★★½,https://www.jcpinv.com||JCP Investment Management,up to $250 Million,10%-20%,Houston,Texas,,,,,,
★★★★½,https://privateadvisory.com||Private Advisory Group,$500 Million - $1 Billion,20%-30%,Redmond,Washington,,,,,,
★★★★½,https://decisionpointfinancial.com/||DecisionPoint Financial,$500 Million - $1 Billion,20%-30%,Mesa,Arizona,,,,,,
★★★★½,https://www.pasiusa.com/||PASI Investments,$500 Million - $1 Billion,10%-20%,Farmington,Connecticut,,,,,,
★★★★½,http://www.sfgroupinc.com||Sovereign Financial Group,$500 Million - $1 Billion,20%-30%,Stamford,Connecticut,,,,,,
★★★★½,https://steelpeakwealth.com/||Steelpeak Wealth,$1 Billion - $5 Billion,20%-30%,Woodland Hills,California,,,,,,
★★★★½,http://www.sdh-inc.com||Sloy Dahl & Holst,$1 Billion - $5 Billion,10%-20%,Vancouver,Washington,,,,,,
★★★★½,http://www.bc-wm.com||BCS Private Wealth Management,$250 Million - $500 Million,20%-30%,Rumson,New Jersey,,,,,,
★★★★½,https://www.wamasset.com/||Weinberger Asset Management,$250 Million - $500 Million,20%-30%,Los Angeles,California,,,,,,
★★★★½,https://lifeworksadvisors.com/||Lifeworks Advisors,$250 Million - $500 Million,-,Grand Rapids,Michigan,,,,,,
★★★★½,https://www.operoseadvisors.com/||Operose Advisors,$1 Billion - $5 Billion,-,Milwaukee,Wisconsin,,,,,,
★★★★½,retirementplanadvisors.com||Retirement Plan Advisors,$1 Billion - $5 Billion,20%-30%,Chicago,Illinois,,,,,,
★★★★½,https://uscwealth.com/||U.S. Capital Wealth Advisors,$5 Billion - $10 Billion,30%-40%,Houston,Texas,,,,,,
★★★★½,https://www.jacksonsquarecap.com||Jackson Square Capital,$250 Million - $500 Million,10%-20%,San Francisco,California,,,,,,
★★★★½,https://www.crestwoodadvisors.com/||Crestwood Advisors Group,$5 Billion - $10 Billion,10%-20%,Boston,Massachusetts,,,,,,
★★★★½,https://unitedfpg.com/||United Financial Planning Group,up to $250 Million,20%-30%,Hauppauge,New York,,,,,,
★★★★½,navalign.com||Navalign,$500 Million - $1 Billion,20%-30%,Encino,California,,,,,,
★★★★½,https://www.cap-mgt.com||Capital Management Associates Inc.,$1 Billion - $5 Billion,10%-20%,Minneapolis,Minnesota,,,,,,
★★★★½,www.omegawealthmanagement.com||Omega Wealth Management,$250 Million - $500 Million,20%-30%,Arlington,Virginia,,,,,,
★★★★½,http://www.hahnfinancialgroup.com||Hahn Financial Group,up to $250 Million,20%-30%,Sioux Falls,South Dakota,,,,,,
★★★★½,https://breakwatercapitalgroup.com/||Breakwater Capital Group,$500 Million - $1 Billion,-,Paramus,New Jersey,,,,,,
★★★★½,https://omni360advisors.com/||Omni 360 Wealth,up to $250 Million,-,Plainsboro,New Jersey,,,,,,
★★★★½,https://adamo.capital/||Adamo Capital Family Office ,$1 Billion - $5 Billion,-,Miami,Florida,,,,,,
★★★★½,www.hnwealthadvisors.com||Henrickson Nauta Wealth Advisors,$500 Million - $1 Billion,20%-30%,Belmont,Michigan,,,,,,
★★★★½,https://oakmontadvisory.com/||Oakmont Wealth Advisory,$250 Million - $500 Million,10%-20%,Reston,Virginia,,,,,,
★★★★½,http://www.knightsb.com||Knightsbridge Asset Management,$500 Million - $1 Billion,30%-40%,Newport Beach,California,,,,,,
★★★★½,https://www.krilogy.com||Krilogy Financial,$1 Billion - $5 Billion,10%-20%,St. Louis,Missouri,,,,,,
★★★★½,https://llfg-us.com/||Life Line Wealth Management,$250 Million - $500 Million,20%-30%,Beverly Hills,California,,,,,,
★★★★½,www.marcumwealth.com||Marcum Wealth,$1 Billion - $5 Billion,20%-30%,Cleveland,Ohio,,,,,,
★★★★½,https://financialharvest.com/||Financial Harvest,$250 Million - $500 Million,20%-30%,Winter Park,Florida,,,,,,
★★★★½,www.zermattwealthpartners.com||Zermatt Wealth Partners,up to $250 Million,-,San Diego,California,,,,,,
★★★★½,https://www.optima.com||Optima Asset Management,$500 Million - $1 Billion,-,New York,New York,,,,,,
★★★★½,https://howardbailey.com/||Howard Bailey Securities,$250 Million - $500 Million,30%-40%,Fort Wayne,Indiana,,,,,,
★★★★½,https://solomonapi.com/||Solomon API,$250 Million - $500 Million,upto 5%,Rockledge,Florida,,,,,,
★★★★½,gordianadvisors.com||Gordian Advisors,up to $250 Million,10%-20%,Tucson,Arizona,,,,,,
★★★★½,https://www.spectruminvestor.com/||Spectrum Investment Advisors,$500 Million - $1 Billion,20%-30%,Mequon,Wisconsin,,,,,,
★★★★½,https://www.benjaminfedwards.com/||Benjamin F. Edwards Wealth Management,$500 Million - $1 Billion,20%-30%,St. Louis,Missouri,,,,,,
★★★★½,https://carnegiewealth.com/||Carnegie Wealth Management,$250 Million - $500 Million,20%-30%,Berwyn,Pennsylvania,,,,,,
★★★★½,http://www.joinvanderbilt.com||Consolidated Portfolio Review Corp,$500 Million - $1 Billion,30%-40%,Woodbury,New York,,,,,,
★★★★½,https://www.frontrowadvisors.com||Front Row Advisors,$250 Million - $500 Million,10%-20%,Tiburon,California,,,,,,
★★★★½,https://igga.com/||Iron Gate Global Advisors,$500 Million - $1 Billion,30%-40%,North Salt Lake,Utah,,,,,,
★★★★½,flagshipwealthadvisors.com||Flagship Wealth Advisors,$250 Million - $500 Million,20%-30%,Wakefield,Massachusetts,,,,,,
★★★★½,http://www.morlingfinancialadvisors.com/||Morling Financial Advisors,$500 Million - $1 Billion,20%-30%,Fremont,California,,,,,,
★★★★½,https://www.cpcadvisors.com||CPC Advisors,$1 Billion - $5 Billion,20%-30%,Atlanta,Georgia,,,,,,
★★★★½,www.wrightinvestorsservice.com||Wright Investors Service Inc.,$1 Billion - $5 Billion,upto 5%,Shelton,Connecticut,,,,,,
★★★★½,www.archerinvestment.com||Archer Investment Corporation,$500 Million - $1 Billion,10%-20%,Carmel,Indiana,,,,,,
★★★★½,https://www.brightftr.com/||Bright Futures Wealth Management,$250 Million - $500 Million,20%-30%,Webster,New York,,,,,,
★★★★½,https://lnwadvisors.com/||LNW Wealth Management,$1 Billion - $5 Billion,20%-30%,Seattle,Washington,,,,,,
★★★★½,www.stairwaypartners.com||Stairway Partners,$1 Billion - $5 Billion,20%-30%,Chicago,Illinois,,,,,,
★★★★½,https://www.peddock.com/||Peddock Capital Advisors,$500 Million - $1 Billion,10%-20%,Braintree,Massachusetts,,,,,,
★★★★½,https://www.elwoodgoetz.com/||Elwood & Goetz Wealth Advisory Group,$500 Million - $1 Billion,20%-30%,Athens,Georgia,,,,,,
★★★★½,https://ironbridge360.com/||Ironbridge Private Wealth,up to $250 Million,10%-20%,Austin,Texas,,,,,,
★★★★½,https://purefinancial.com/||Pure Financial Advisors,$5 Billion - $10 Billion,20%-30%,San Diego,California,,,,,,
★★★★½,https://www.newworldadvisors.com/||New World Advisors,$500 Million - $1 Billion,10%-20%,Hingham,Massachusetts,,,,,,
★★★★½,https://www.lifeinvestwealth.com/||LifeInvest Wealth Management,$250 Million - $500 Million,upto 5%,Miami,Florida,,,,,,
★★★★½,http://www.piedmonttrust.com||Piedmont Capital Management,$250 Million - $500 Million,20%-30%,Greensboro,North Carolina,,,,,,
★★★★½,https://insightfolios.com/location/charlotte-north-carolina/||Insight Folios,$250 Million - $500 Million,20%-30%,Charlotte,North Carolina,,,,,,
★★★★½,https://www.syoncap.com||Syon Capital,$1 Billion - $5 Billion,-,San Francisco,California,,,,,,
★★★★½,http://www.vernalpoint.com/||Vernal Point Advisors,$1 Billion - $5 Billion,10%-20%,San Francisco,California,,,,,,
★★★★½,www.highlandplanning.com||Highland Financial Advisors,$250 Million - $500 Million,10%-20%,Wayne,New Jersey,,,,,,
★★★★½,http://www.bridgecitycap.com/||Bridge City Capital,$250 Million - $500 Million,10%-20%,Lake Oswego,Oregon,,,,,,
★★★★½,https://oakridgemg.com||Oakridge Management Group,$1 Billion - $5 Billion,-,Darien,Connecticut,,,,,,
★★★★½,https://www.drivewealthadvisers.com||Drive Wealth Advisers,$1 Billion - $5 Billion,30%-40%,Lehi,Utah,,,,,,
★★★★½,https://lyellwealth.com||Lyell Wealth Management,$1 Billion - $5 Billion,20%-30%,Menlo Park,California,,,,,,
★★★★½,https://www.ceetocapitalgroup.com||Ceeto Capital Group,$250 Million - $500 Million,10%-20%,Coral Gables,Florida,,,,,,
★★★★½,https://fullsailcapital.com/||Full Sail Capital,$1 Billion - $5 Billion,20%-30%,Oklahoma City,Oklahoma,,,,,,
★★★★½,https://www.carsongroup.com/||CWM,over $10 Billion,20%-30%,Omaha,Nebraska,,,,,,
★★★★½,http://www.choateia.com||Choate Investment Advisors,$5 Billion - $10 Billion,10%-20%,Boston,Massachusetts,,,,,,
★★★★½,https://www.wjohnsonassociates.com||Willis Johnson & Associates,$1 Billion - $5 Billion,20%-30%,Houston,Texas,,,,,,
★★★★½,http://www.chequersfinancial.com/||Chequers Financial Management,$500 Million - $1 Billion,20%-30%,San Francisco,California,,,,,,
★★★★½,http://www.m-f-a.com/||McQueen Financial Advisors II,over $10 Billion,20%-30%,Clawson,Michigan,,,,,,
★★★★½,https://thurstonspringer.com/||Thurston Springer Advisors,$1 Billion - $5 Billion,10%-20%,Indianapolis,Indiana,,,,,,
★★★★½,https://www.orbawealthadvisors.com/contact-us/||ORBA Wealth Advisors,$250 Million - $500 Million,-,Chicago,Illinois,,,,,,
★★★★,https://jandsadvisors.com/||Jacobson & Schmitt Advisors,$250 Million - $500 Million,10%-20%,Middleton,Wisconsin,,,,,,
★★★★,https://www.wmgfa.com||WMG Financial Advisors,$500 Million - $1 Billion,30%-40%,Knoxville,Tennessee,,,,,,
★★★★,http://www.nationsfg.com/||Nations Financial Group,$1 Billion - $5 Billion,20%-30%,Cedar Rapids,Iowa,,,,,,
★★★★,http://sfiadvisors.com/||SFI Advisors,up to $250 Million,10%-20%,Montclair,New Jersey,,,,,,
★★★★,https://bipwealth.com/||BIP Wealth,$1 Billion - $5 Billion,20%-30%,Atlanta,Georgia,,,,,,
★★★★,https://www.ofallc.com||Oak Family Advisors,$250 Million - $500 Million,20%-30%,Chicago,Illinois,,,,,,
★★★★,https://endowmentwm.com/||Endowment Wealth Management,$250 Million - $500 Million,10%-20%,Appleton,Wisconsin,,,,,,
★★★★,https://www.oakwellpwm.com/||Oakwell Private Wealth Management,$250 Million - $500 Million,20%-30%,Austin,Texas,,,,,,
★★★★,https://www.sellwoodconsulting.com/||Sellwood Consulting,$1 Billion - $5 Billion,30%-40%,Portland,Oregon,,,,,,
★★★★,http://www.harboradvisory.com||Harbor Advisory Corporation,$250 Million - $500 Million,20%-30%,Portsmouth,New Hampshire,,,,,,
★★★★,http://www.jfgllc.net||Johnson Financial Group,$1 Billion - $5 Billion,20%-30%,Denver,Colorado,,,,,,
★★★★,http://www.advocacywealth.com||Advocacy Wealth Management,$1 Billion - $5 Billion,20%-30%,Atlanta,Georgia,,,,,,
★★★★,https://pacificpointwm.com/||Pacific Point Advisors,up to $250 Million,-,Rancho Santa Fe,California,,,,,,
★★★★,https://novemgroup.com||Novem Group,$1 Billion - $5 Billion,10%-20%,Rochester,New York,,,,,,
★★★★,https://www.americanheritagesecurities.com/||EGI Financial,$250 Million - $500 Million,10%-20%,Akron,Ohio,,,,,,
★★★★,http://www.troxellfinancial.com||Crumly and Associates,$500 Million - $1 Billion,30%-40%,Springfield,Illinois,,,,,,
★★★★,midwestcap.com||Midwest Capital Advisors,$500 Million - $1 Billion,20%-30%,Grand Rapids,Michigan,,,,,,
★★★★,http://www.blackswiftgroup.com/||Black Swift Group,$250 Million - $500 Million,10%-20%,Boulder,Colorado,,,,,,
★★★★,https://www.paralleladvisors.com/||Parallel Advisors,$5 Billion - $10 Billion,20%-30%,San Francisco,California,,,,,,
★★★★,https://www.petrosfw.com/||Petros Family Wealth,up to $250 Million,-,Bloomington,Minnesota,,,,,,
★★★★,http://www.olympuswealthmanagement.com/||Olympus Wealth Management,$500 Million - $1 Billion,30%-40%,Cottonwood Heights,Utah,,,,,,
★★★★,https://goldenreserve.com||Golden Reserve Retirement,up to $250 Million,-,Dublin,Ohio,,,,,,
★★★★,https://www.madronafinancial.com/||Madrona Financial Services,$250 Million - $500 Million,10%-20%,Everett,Washington,,,,,,
★★★★,https://seniorplanningadvisors.com||Strategic Investment Advisors,$500 Million - $1 Billion,30%-40%,Livonia,Michigan,,,,,,
★★★★,https://mdfinancialadvisors.com/contact||MD Financial / Vestment Financial,up to $250 Million,30%-40%,Chanhassen,Minnesota,,,,,,
★★★★,https://www.blackdfinancial.com||Black Diamond Financial,$500 Million - $1 Billion,10%-20%,Towson,Maryland,,,,,,
★★★★,http://www.capitaonline.com||Capita Financial Network,$1 Billion - $5 Billion,30%-40%,Sandy,Utah,,,,,,
★★★★,https://sandboxfp.com/||Sandbox Financial Partners,$250 Million - $500 Million,30%-40%,Bethesda,Maryland,,,,,,
★★★★,https://mygfpc.com/||Global Financial Private Client,$500 Million - $1 Billion,10%-20%,Sarasota,Florida,,,,,,
★★★★,https://creditci.com/||Credit Capital Investments,up to $250 Million,upto 5%,Livingston,New Jersey,,,,,,
★★★★,https://intrepidcapitalfunds.com/||Intrepid Capital Management,$500 Million - $1 Billion,5%-10%,Jacksonville Beach,Florida,,,,,,
★★★★,https://denaliwm.com||Denali Wealth Management,$250 Million - $500 Million,20%-30%,Mequon,Wisconsin,,,,,,
★★★★,http://www.oarsman.net||Oarsman Capital,$500 Million - $1 Billion,5%-10%,Milwaukee,Wisconsin,,,,,,
★★★★,https://www.hffinancial.com/||Halter Ferguson Financial,$250 Million - $500 Million,20%-30%,Carmel,Indiana,,,,,,
★★★★,http://www.andersen.com||Andersen,$1 Billion - $5 Billion,20%-30%,McLean,Virginia,,,,,,
★★★★,https://www.thirtynorth.com||ThirtyNorth Investments,$250 Million - $500 Million,10%-20%,New Orleans,Louisiana,,,,,,
★★★★,mvfinancial.com||MV Capital Management,$1 Billion - $5 Billion,10%-20%,Bethesda,Maryland,,,,,,
★★★★,https://www.campbellwealth.com||Campbell Wealth Management,$1 Billion - $5 Billion,20%-30%,Alexandria,Virginia,,,,,,
★★★★,https://parkcapitalmgt.com/||Park Capital Management,$250 Million - $500 Million,20%-30%,Madison,Wisconsin,,,,,,
★★★★,http://aljiancapital.com/||Aljian Capital Management,$250 Million - $500 Million,20%-30%,Carson City,Nevada,,,,,,
★★★★,https://www.carboncollectivefunds.com||Carbon Collective Investing,up to $250 Million,-,Oakland,California,,,,,,
★★★★,http://www.g2capital.net||G2 Capital Management,$500 Million - $1 Billion,20%-30%,Columbus,Ohio,,,,,,
★★★★,http://www.meridianadvisors.com/||Meridian Wealth Advisors,$1 Billion - $5 Billion,20%-30%,Austin,Texas,,,,,,
★★★★,www.axiaadvisory.com||Axia Advisory Corp,$1 Billion - $5 Billion,5%-10%,Indianapolis,Indiana,,,,,,
★★★★,https://www.vawterfinancial.com/||Vawter Financial,$250 Million - $500 Million,10%-20%,Columbus,Ohio,,,,,,
★★★★,www.twpteam.com||Total Wealth Planning,$1 Billion - $5 Billion,10%-20%,Cincinnati,Ohio,,,,,,
★★★★,https://requisitecm.com/contact.asp||Requisite Capital Management,$1 Billion - $5 Billion,10%-20%,Dallas,Texas,,,,,,
★★★★,https://www.heritagefinllc.com/||Heritage Financial,$250 Million - $500 Million,20%-30%,Gainesville,Virginia,,,,,,
★★★★,https://fortitudefo.com/||Fortitude Family Office,$500 Million - $1 Billion,-,Scottsdale,Arizona,,,,,,
★★★★,https://cardeacap.com/contact-us/||Cardea Capital Advisors,up to $250 Million,-,Atlanta,Georgia,,,,,,
★★★★,https://baycolonyadvisors.com||Bay Colony Advisory Group,$1 Billion - $5 Billion,20%-30%,Concord,Massachusetts,,,,,,
★★★★,http://www.atonfinancial.com||Aton Financial,$250 Million - $500 Million,10%-20%,San Juan,Puerto Rico,,,,,,
★★★★,https://windrockwealth.com/||Windrock Wealth Management,$250 Million - $500 Million,20%-30%,Naperville,Illinois,,,,,,
★★★★,https://drakeandassociates.net||Drake & Associates,$250 Million - $500 Million,20%-30%,Waukesha,Wisconsin,,,,,,
★★★★,https://www.tdcwealthmgmt.com/||Lexaurum Advisors,$500 Million - $1 Billion,10%-20%,Overland Park,Kansas,,,,,,
★★★★,https://vestorcapital.com/||Vestor Capital,$1 Billion - $5 Billion,10%-20%,Chicago,Illinois,,,,,,
★★★★,https://www.kofcassetadvisors.org||Knights of Columbus Asset Advisors,over $10 Billion,upto 5%,New Haven,Connecticut,,,,,,
★★★★,http://www.wattsgwilliam.com||Watts Gwilliam & Company,$500 Million - $1 Billion,10%-20%,Gilbert,Arizona,,,,,,
★★★★,https://basewealthmanagement.com/||Base Wealth Management,up to $250 Million,-,Lakewood Ranch,Florida,,,,,,
★★★★,https://www.sgroifinancial.com||Sgroi Wealth Advisory Group,$500 Million - $1 Billion,20%-30%,West Seneca,New York,,,,,,
★★★★,https://providencecapitaladvisors.com/||Providence Capital Advisors,$500 Million - $1 Billion,20%-30%,Charlotte,North Carolina,,,,,,
★★★★,https://sterlingwealthmanagement.com/||Sterling Wealth Management,$250 Million - $500 Million,20%-30%,Champaign,Illinois,,,,,,
★★★★,https://www.bfsg-az.com||Benefit Financial Services Group,$1 Billion - $5 Billion,20%-30%,Irvine,California,,,,,,
★★★★,https://paradiem.org||Paradiem,$250 Million - $500 Million,10%-20%,Covington,Louisiana,,,,,,
★★★★,https://www.acimapw.com||Acima Private Wealth,$250 Million - $500 Million,10%-20%,Richmond,Virginia,,,,,,
★★★★,"https://potomacfund.com/||Potomac Fund Management, Inc.",$1 Billion - $5 Billion,50%-60%,Miami,Florida,,,,,,
★★★★,https://thepinnaclefg.com/||The Pinnacle Financial Group,$1 Billion - $5 Billion,20%-30%,Rockville Centre,New York,,,,,,
★★★★,http://www.alliumfinancial.com||Allium Financial Advisors,$500 Million - $1 Billion,20%-30%,Lake Oswego,Oregon,,,,,,
★★★★,https://hzcapital.com/||Hixon Zuercher Capital Management,$250 Million - $500 Million,20%-30%,Findlay,Ohio,,,,,,
★★★★,https://www.petrafinancial.com/||Petra Financial Advisors Inc.,$250 Million - $500 Million,20%-30%,Colorado Springs,Colorado,,,,,,
★★★★,https://www.meadowcreekwealthadvisors.com/||Meadow Creek Wealth Advisors,$500 Million - $1 Billion,20%-30%,Atlanta,Georgia,,,,,,
★★★★,https://prop-cap.com/||Proprietary Capital,$1 Billion - $5 Billion,20%-30%,Denver,Colorado,,,,,,
★★★★,http://www.hardyreed.com||Hardy Reed,$1 Billion - $5 Billion,10%-20%,Tupelo,Mississippi,,,,,,
★★★★,https://greenspringadvisors.com/||Greenspring Advisors,$5 Billion - $10 Billion,10%-20%,Towson,Maryland,,,,,,
★★★★,https://investrma.com||Rocky Mountain Advisers,$1 Billion - $5 Billion,10%-20%,Salina,Kansas,,,,,,
★★★★,https://www.fiduciaryfinancialpartners.com/||Fiduciary Financial Partners,up to $250 Million,10%-20%,Naperville,Illinois,,,,,,
★★★★,http://www.cannonfinancialstrategists.com/||Cannon Financial Strategists,$1 Billion - $5 Billion,10%-20%,Athens,Georgia,,,,,,
★★★★,https://www.dewwealth.com/||Dew Wealth Management,$250 Million - $500 Million,10%-20%,Scottsdale,Arizona,,,,,,
★★★★,https://sendero.com/||Sendero Wealth Management,$5 Billion - $10 Billion,20%-30%,San Antonio,Texas,,,,,,
★★★★,https://www.forvismazars.us||Forvis Mazars Wealth Advisors,$5 Billion - $10 Billion,20%-30%,Springfield,Missouri,,,,,,
★★★★,https://www.brooklynfi.com/||Brooklyn Fi,up to $250 Million,-,Brooklyn,New York,,,,,,
★★★★,https://www.everestfg.us/||Everest Financial Group,$500 Million - $1 Billion,20%-30%,Minneapolis,Minnesota,,,,,,
★★★★,http://www.legacyadvice.com/||Legacy Advisors,$1 Billion - $5 Billion,10%-20%,Plymouth Meeting,Pennsylvania,,,,,,
★★★★,https://tractionfp.us/||Traction Financial Partners,up to $250 Million,-,Encampment,Wyoming,,,,,,
★★★★,https://www.acumenwealth.com||Acumen Wealth Advisors,$250 Million - $500 Million,10%-20%,Chattanooga,Tennessee,,,,,,
★★★★,https://www.empiricalam.com||Empirical Asset Management,$250 Million - $500 Million,20%-30%,Wellesley,Massachusetts,,,,,,
★★★★,https://www.cahabawealth.com||Cahaba Wealth Management,$1 Billion - $5 Billion,20%-30%,Atlanta,Georgia,,,,,,
★★★★,https://www.mainsailfg.com/||Mainsail Financial Group,up to $250 Million,-,Bellevue,Washington,,,,,,
★★★★,https://www.provwealth.com/||Provenance Wealth Advisors,$1 Billion - $5 Billion,40%-50%,Fort Lauderdale,Florida,,,,,,
★★★★,https://www.schechterwealth.com/||Schechter Investment Advisors,$1 Billion - $5 Billion,30%-40%,Birmingham,Michigan,,,,,,
★★★★,www.pamwealth.com||Patton Albertson Miller Group,$1 Billion - $5 Billion,20%-30%,Chattanooga,Tennessee,,,,,,
★★★★,https://www.mortonbrownfw.com/||Morton Brown Family Wealth,$250 Million - $500 Million,20%-30%,Allentown,Pennsylvania,,,,,,
★★★★,https://cypressplanning.com||Cypress Financial Planning,$250 Million - $500 Million,20%-30%,Haddon Heights,New Jersey,,,,,,
★★★★,http://granitebaywm.com/||Granite Bay Wealth Management,$250 Million - $500 Million,10%-20%,Portsmouth,New Hampshire,,,,,,
★★★★,https://www.ryanwealth.com/||Ryan Wealth Management,$250 Million - $500 Million,20%-30%,Yuba City,California,,,,,,
★★★★,http://www.grassiinvest.com||Grassi Investment Management,$1 Billion - $5 Billion,5%-10%,Santa Clara,California,,,,,,
★★★★,https://iccnv.com/||The Investment Counsel Company of Nevada,$1 Billion - $5 Billion,10%-20%,Las Vegas,Nevada,,,,,,
★★★★,https://osam.com/||O'Shaughnessy Asset Management,$5 Billion - $10 Billion,5%-10%,Stamford,Connecticut,,,,,,
★★★★,https://www.ellsworthadvisors.com/||Ellsworth Advisors,$500 Million - $1 Billion,10%-20%,Hudson,Ohio,,,,,,
★★★★,https://www.morethanmoneyonline.com/||MtM Financial Group,$250 Million - $500 Million,10%-20%,Bethlehem,Pennsylvania,,,,,,
★★★★,https://www.elgethun.com/||Elgethun Capital Management,$500 Million - $1 Billion,10%-20%,Sioux Falls,South Dakota,,,,,,
★★★★,https://havenwg.com/||Haven Wealth Group,$250 Million - $500 Million,10%-20%,Houston,Texas,,,,,,
★★★★,www.stonehouseinv.com||Stone House Investment Management,$500 Million - $1 Billion,20%-30%,Tunkhannock,Pennsylvania,,,,,,
★★★★,https://www.4jwealth.com/||4J Wealth Management,up to $250 Million,10%-20%,Alexandria,Virginia,,,,,,
★★★★,https://founderswa.com/||Founders Financial Alliance,$500 Million - $1 Billion,20%-30%,Raleigh,North Carolina,,,,,,
★★★★,https://www.postreschtallon.com/||Post Resch Tallon Group,$250 Million - $500 Million,10%-20%,Pittsford,New York,,,,,,
★★★★,https://independentadvisoralliance.com/||Independent Advisor Alliance,over $10 Billion,20%-30%,Charlotte,North Carolina,,,,,,
★★★★,http://charterwm.com/||Charter Wealth Management,up to $250 Million,-,Raleigh,North Carolina,,,,,,
★★★★,https://www.valeofinancial.com||Valeo Financial Advisors,$5 Billion - $10 Billion,10%-20%,Carmel,Indiana,,,,,,
★★★★,http://www.mariettawealth.com||Marietta Wealth Management,$1 Billion - $5 Billion,10%-20%,Marietta,Georgia,,,,,,
★★★★,http://www.sevenspringswealth.com||Seven Springs Wealth Group,$500 Million - $1 Billion,10%-20%,Brentwood,Tennessee,,,,,,
★★★★,https://www.stewartwealthmgt.com||Stewart Wealth Management,$250 Million - $500 Million,20%-30%,San Rafael,California,,,,,,
★★★★,https://www.mendotafinancial.com/||Mendota Financial Group,$250 Million - $500 Million,10%-20%,Madison,Wisconsin,,,,,,
★★★★,https://www.argusinvest.com||Argus Investors' Counsel,up to $250 Million,-,New York,New York,,,,,,
★★★★,http://www.pimboston.com||Penobscot Investment Management Company,$1 Billion - $5 Billion,10%-20%,Boston,Massachusetts,,,,,,
★★★★,http://www.oboylewm.com||O'Boyle Wealth Management,$250 Million - $500 Million,20%-30%,Beverly Hills,California,,,,,,
★★★★,https://www.bakerave.com/||Baker Avenue Asset Management,$1 Billion - $5 Billion,10%-20%,San Francisco,California,,,,,,
★★★★,http://riverviewcapital.com||Riverview Capital Advisers,$500 Million - $1 Billion,20%-30%,Boston,Massachusetts,,,,,,
★★★★,https://aspengrovellc.com/||Aspen Grove Capital,$5 Billion - $10 Billion,10%-20%,Avon,Colorado,,,,,,
★★★★,https://petersonwealth.com/||Peterson Wealth Advisors,$500 Million - $1 Billion,20%-30%,Orem,Utah,,,,,,
★★★★,http://www.lentinifinancialadvisory.com/||Continuum Advisory,$1 Billion - $5 Billion,20%-30%,Eagle,Idaho,,,,,,
★★★★,https://pineridgeadvisers.com/||Pine Ridge Advisers,$1 Billion - $5 Billion,30%-40%,New York,New York,,,,,,
★★★★,http://www.verdecm.com/||Verde Capital Management,$500 Million - $1 Billion,10%-20%,Clarkston,Michigan,,,,,,
★★★★,http://www.coltongroome.com||Colton Groome Financial Advisors,$250 Million - $500 Million,20%-30%,Asheville,North Carolina,,,,,,
★★★★,https://www.epiqcg.com||Epiq Capital Group,$1 Billion - $5 Billion,20%-30%,San Francisco,California,,,,,,
★★★★,https://www.trailridgewm.com/||Trail Ridge Investment Advisors,up to $250 Million,10%-20%,Fort Collins,Colorado,,,,,,
★★★★,http://www.novapointcapital.com/||Novapoint Capital,$250 Million - $500 Million,20%-30%,Atlanta,Georgia,,,,,,
★★★★,https://bettermoneydecisions.com/||Better Money Decisions,$250 Million - $500 Million,10%-20%,Santa Fe,New Mexico,,,,,,
★★★★,https://www.ascend.fo/||Ascend Interplay,up to $250 Million,-,New York,New York,,,,,,
★★★★,https://www.silverlakewealth.com/||Silverlake Wealth Management,$250 Million - $500 Million,20%-30%,Williston,Vermont,,,,,,
★★★★,https://alphaarchitect.com||Alpha Architect,$500 Million - $1 Billion,5%-10%,Havertown,Pennsylvania,,,,,,
★★★★,https://bogartwealth.com/||Bogart Wealth,$1 Billion - $5 Billion,20%-30%,McLean,Virginia,,,,,,
★★★★,https://shayneandjacobs.com||Shayne & Jacobs,$250 Million - $500 Million,10%-20%,Nashville,Tennessee,,,,,,
★★★★,www.nfp.com||NFP Retirement,over $10 Billion,10%-20%,Aliso Viejo,California,,,,,,
★★★★,http://www.vizcayacapital.com||Vizcaya Capital,$250 Million - $500 Million,-,Miami,Florida,,,,,,
★★★★,https://ranchcap.com/||Ranch Capital Advisors,$250 Million - $500 Million,20%-30%,Sarasota,Florida,,,,,,
★★★★,https://investmentpartners.com||Investment Partners Asset Management,up to $250 Million,10%-20%,Metuchen,New Jersey,,,,,,
★★★★,https://conradsiegel.com/||Conrad Siegel Investment Advisors,$5 Billion - $10 Billion,5%-10%,Harrisburg,Pennsylvania,,,,,,
★★★★,https://adamswealthadvisors.com/||Adams Wealth Management,$500 Million - $1 Billion,20%-30%,Logan,Utah,,,,,,
★★★★,https://bridgestrust.com/||Bridges Investment Management Inc.,$5 Billion - $10 Billion,10%-20%,Omaha,Nebraska,,,,,,
★★★★,http://www.indwealth.net||Independent Wealth Network,$250 Million - $500 Million,10%-20%,Urbandale,Iowa,,,,,,
★★★★,https://daisecurities.com/||DAI Wealth,up to $250 Million,upto 5%,Atlanta,Georgia,,,,,,
★★★★,https://www.wcipllc.com||Wealthcare Investment Partners,$500 Million - $1 Billion,30%-40%,Portsmouth,Rhode Island,,,,,,
★★★★,http://www.gleason-group.net/||The Gleason Group,$500 Million - $1 Billion,20%-30%,Prospect,Kentucky,,,,,,
★★★★,http://www.sharpergranite.com||Sharper & Granite,$250 Million - $500 Million,10%-20%,El Segundo,California,,,,,,
★★★★,https://www.akwealthadvisors.com//||Alaska Wealth Advisors,$500 Million - $1 Billion,10%-20%,Anchorage,Alaska,,,,,,
★★★★,http://www.standard.com||StanCorp Investment Advisers,over $10 Billion,10%-20%,Portland,Oregon,,,,,,
★★★★,http://www.breedshillcapital.com/||Breed's Hill Capital,$1 Billion - $5 Billion,20%-30%,Boston,Massachusetts,,,,,,
★★★★,http://www.rosecapitaladvisors.com||Rose Capital Advisors,$500 Million - $1 Billion,10%-20%,Miami Beach,Florida,,,,,,
★★★★,https://www.cassadyschillerwealth.com/||Cassady Schiller Wealth Management,$500 Million - $1 Billion,10%-20%,Cincinnati,Ohio,,,,,,
★★★★,https://www.frazierfinancial.com/||Frazier Financial Advisors,$500 Million - $1 Billion,10%-20%,Columbus,Ohio,,,,,,
★★★★,https://credentwealth.com/contact-us/||CX Institutional,$1 Billion - $5 Billion,30%-40%,Auburn,Indiana,,,,,,
★★★★,http://www.fedadvisors.com||Federmann Financial Advisors,up to $250 Million,10%-20%,Rocky Point,New York,,,,,,
★★★★,http://www.mas-edu.com||Millennium Advisory Services,$500 Million - $1 Billion,20%-30%,Glen Allen,Virginia,,,,,,
★★★★,https://www.gilbertcook.com/||Gilbert & Cook,$1 Billion - $5 Billion,20%-30%,West Des Moines,Iowa,,,,,,
★★★★,https://www.westmichiganadvisors.com/||West Michigan Advisors,$250 Million - $500 Million,-,Holland,Michigan,,,,,,
★★★★,http://www.kohmannbosshard.com||Kohmann Bosshard Financial Services,$500 Million - $1 Billion,20%-30%,Akron,Ohio,,,,,,
★★★★,"https://www.blvdpw.com/||BLVD Private Wealth, LLC",up to $250 Million,-,Prospect,Kentucky,,,,,,
★★★★,https://strittmatterwealth.com/||Strittmatter Wealth Management Group,up to $250 Million,10%-20%,Fort Worth,Texas,,,,,,
★★★★,http://www.bradleyclark.com/||Clark Asset Management,$250 Million - $500 Million,-,Portsmouth,New Hampshire,,,,,,
★★★★,https://perennial.com/||Perennial Advisors,$500 Million - $1 Billion,10%-20%,New York,New York,,,,,,
★★★★,https://www.aafwealthmanagement.com/||AAF Wealth Management,$500 Million - $1 Billion,10%-20%,Westborough,Massachusetts,,,,,,
★★★★,https://collaborativewealth.com/||Collaborative Wealth Management,$250 Million - $500 Million,10%-20%,Lake Mary,Florida,,,,,,
★★★★,https://fairbankscap.com/||Fairbanks Capital Management,$250 Million - $500 Million,10%-20%,Rancho Santa Fe,California,,,,,,
★★★★,https://www.evermaywealth.com||Evermay Wealth Management,$1 Billion - $5 Billion,10%-20%,Arlington,Virginia,,,,,,
★★★★,https://www.bwfa.com/||Baltimore-Washington Financial Advisors,$1 Billion - $5 Billion,20%-30%,Columbia,Maryland,,,,,,
★★★★,www.msllcwealth.com/||Mowery & Schoenfeld Wealth Management,$250 Million - $500 Million,-,Lincolnshire,Illinois,,,,,,
★★★★,http://www.hfs-wm.com||Howard Financial Services,$1 Billion - $5 Billion,10%-20%,Dallas,Texas,,,,,,
★★★★,https://www.newrepublicpartners.com||New Republic Capital,$1 Billion - $5 Billion,-,Charlotte,North Carolina,,,,,,
★★★★,http://guidingyourwealth.com/||Core Wealth Advisors,$500 Million - $1 Billion,10%-20%,Lakeland,Florida,,,,,,
★★★★,"https://dockstreet.com/||Dock Street Asset Management, Inc.",$500 Million - $1 Billion,10%-20%,Palm Beach,Florida,https://www.newsweek.com/rankings/dock-street||View Profile,,,,,
★★★★,https://bluewaterwealth.com/||Blue Water Wealth,$250 Million - $500 Million,10%-20%,Portland,Oregon,,,,,,
★★★★,https://carmichael-hill.com/||Carmichael Hill & Associates,$250 Million - $500 Million,10%-20%,Gaithersburg,Maryland,,,,,,
★★★★,https://www.vestura.net||Vestura,$250 Million - $500 Million,10%-20%,Hobart,Wisconsin,,,,,,
★★★★,https://www.gjsco.com||Schwartz & Co.,$5 Billion - $10 Billion,10%-20%,Bloomfield Hills,Michigan,,,,,,
★★★★,https://peninsulawealth.com||Peninsula Wealth,$500 Million - $1 Billion,10%-20%,San Francisco,California,,,,,,
★★★★,https://ironhorsewm.com/||Iron Horse Wealth Management,$250 Million - $500 Million,20%-30%,Johnston,Iowa,,,,,,
★★★★,www.crewe.com||Crewe Advisors,$1 Billion - $5 Billion,10%-20%,Salt Lake City,Utah,,,,,,
★★★★,https://regentpeakwealth.com/||Regent Peak Wealth Advisors,$500 Million - $1 Billion,20%-30%,Atlanta,Georgia,,,,,,
★★★★,http://www.narwhalcapital.com||Narwhal Capital Management,$1 Billion - $5 Billion,10%-20%,Marietta,Georgia,,,,,,
★★★★,http://formidableam.com||Formidable Asset Management,$500 Million - $1 Billion,10%-20%,Cincinnati,Ohio,,,,,,
★★★★,http://www.kglcapitalmanagement.com||KG&L Capital Management,$250 Million - $500 Million,20%-30%,Saint Francisville,Louisiana,,,,,,
★★★★,https://privatewealth.com/||Private Wealth Asset Management,$1 Billion - $5 Billion,-,Omaha,Nebraska,,,,,,
★★★★,https://www.broyhillasset.com/||Broyhill Asset Management,up to $250 Million,-,Charlotte,North Carolina,,,,,,
★★★★,https://www.ihtwealthmanagement.com/||IHT Wealth Management,$1 Billion - $5 Billion,30%-40%,Chicago,Illinois,,,,,,
★★★★,https://denverpwm.com/||Denver PWM,$500 Million - $1 Billion,10%-20%,Denver,Colorado,,,,,,
★★★★,https://laidlawltd.com||Laidlaw Wealth Management,$500 Million - $1 Billion,30%-40%,New York,New York,,,,,,
★★★★,http://www.regattainvest.com||Regatta Capital Group,$1 Billion - $5 Billion,20%-30%,El Segundo,California,,,,,,
★★★★,http://www.francisfinancial.com||Francis Financial,$500 Million - $1 Billion,10%-20%,New York,New York,,,,,,
★★★★,https://www.signifywealth.com/||Signify Wealth,up to $250 Million,10%-20%,St. Louis,Missouri,,,,,,
★★★★,https://www.ohanaadvisors.com/||Ohana Advisors,$1 Billion - $5 Billion,10%-20%,San Rafael,California,,,,,,
★★★★,https://teamworkfinancial.com/||Teamwork Financial Advisors,$500 Million - $1 Billion,30%-40%,San Antonio,Texas,,,,,,
★★★★,https://www.ccaretirement.com/||Clear Creek Advisors,$250 Million - $500 Million,20%-30%,Denver,Colorado,,,,,,
★★★★,https://alliedinvest.net/||Allied Investment Advisors,$500 Million - $1 Billion,20%-30%,Billings,Montana,,,,,,
★★★★,http://www.lukeninvestmentanalytics.com||Luken Investment Analytics,up to $250 Million,10%-20%,Brentwood,Tennessee,,,,,,
★★★★,https://www.wealthstreamadvisors.com/||Wealthstream Advisors,$1 Billion - $5 Billion,10%-20%,New York,New York,,,,,,
★★★★,https://www.pnfp.com/wealth-management/wealth-advisors/||Pinnacle Wealth Advisors,$500 Million - $1 Billion,20%-30%,Nashville,Tennessee,,,,,,
★★★★,http://www.mengiscapital.com||Mengis Capital Management,$500 Million - $1 Billion,20%-30%,Portland,Oregon,,,,,,
★★★★,https://www.grey-rock.com/||Grey Rock Asset Management,$250 Million - $500 Million,-,Dallas,Texas,,,,,,
★★★★,https://www.atlasca.com||Atlas Capital Advisors,$500 Million - $1 Billion,10%-20%,San Francisco,California,,,,,,
★★★★,https://www.kingspath.com/||Kings Path Partners,$1 Billion - $5 Billion,10%-20%,Sugar Land,Texas,,,,,,
★★★★,https://www.saxwa.com/||Sax Wealth Advisors,$1 Billion - $5 Billion,10%-20%,Parsippany,New Jersey,,,,,,
★★★★,https://naplesglobaladvisors.com||Naples Global Advisors,$1 Billion - $5 Billion,10%-20%,Naples,Florida,,,,,,
★★★★,https://www.quadcapwm.com||Quadcap Wealth Management,$500 Million - $1 Billion,10%-20%,Frisco,Texas,,,,,,
★★★★,https://www.capitolpwg.com||Capitol Private Wealth Group,$250 Million - $500 Million,10%-20%,Vienna,Virginia,,,,,,
★★★★,https://www.livelifecapital.com/||Livelife Capital Partners ,$250 Million - $500 Million,10%-20%,Southborough,Massachusetts,,,,,,
★★★★,https://imacorp.com/||IMA Financial Group,$500 Million - $1 Billion,10%-20%,Wichita,Kansas,,,,,,
★★★★,https://www.p3wm.com/||Fortitude Advisory Group,$250 Million - $500 Million,20%-30%,Gig Harbor,Washington,,,,,,
★★★★,https://www.videntam.com||Vident Asset Management,$5 Billion - $10 Billion,30%-40%,Alpharetta,Georgia,,,,,,
★★★★,https://www.hoeyinvestments.com||Hoey Investments,$250 Million - $500 Million,20%-30%,Coatesville,Pennsylvania,,,,,,
★★★★,https://www.lsaminc.com/||Lifestyle Asset Management,$250 Million - $500 Million,10%-20%,Friendswood,Texas,,,,,,
★★★★,https://www.boyd-wealth.com/||Boyd Wealth Management,$250 Million - $500 Million,20%-30%,Sacramento,California,,,,,,
★★★★,https://www.tvamp.net/||TVAMP,$500 Million - $1 Billion,20%-30%,Knoxville,Tennessee,,,,,,
★★★★,https://evoadvisers.com||Evolution Advisers,up to $250 Million,5%-10%,Richmond,Virginia,,,,,,
★★★★,https://www.tateassetmanagement.com/||ACAS LLC,$250 Million - $500 Million,10%-20%,Rancho Santa Fe,California,,,,,,
★★★★,https://boulaygroup.com/||Boulay Financial Advisors,$1 Billion - $5 Billion,20%-30%,Eden Prairie,Minnesota,,,,,,
★★★★,https://www.northrightfinancial.com/about||N.E.W. Advisory Services,$1 Billion - $5 Billion,20%-30%,De Pere,Wisconsin,,,,,,
★★★★,https://slavic401k.com/||Slavic Mutual Funds Management Corp.,$5 Billion - $10 Billion,5%-10%,Boca Raton,Florida,,,,,,
★★★★,https://www.onyxbridge.com||Onyx Bridge Wealth Group,$500 Million - $1 Billion,-,Tarrytown,New York,,,,,,
★★★★,https://www.investaca.com/||American Capital Advisory,up to $250 Million,10%-20%,Ketchum,Idaho,,,,,,
★★★★,http://www.nwkgroup.com||NWK Group,$500 Million - $1 Billion,20%-30%,San Francisco,California,,,,,,
★★★★,https://www.shakespearewm.com/||Shakespeare Wealth Management,$250 Million - $500 Million,10%-20%,Pewaukee,Wisconsin,,,,,,
★★★★,http://www.legacykc.com||Legacy Financial Strategies,$500 Million - $1 Billion,10%-20%,Overland Park,Kansas,,,,,,
★★★★,https://choreoadvisors.com/||Choreo,over $10 Billion,20%-30%,Rockford,Illinois,,,,,,
★★★★,https://www.stratoswealthpartners.com||Stratos Wealth Partners,over $10 Billion,10%-20%,Beachwood,Ohio,,,,,,
★★★★,https://laffertengler.com||Laffer Tengler Investments,$250 Million - $500 Million,5%-10%,Nashville,Tennessee,,,,,,
★★★★,https://truewealthadvisorygroup.com/||True Wealth Advisory Group,up to $250 Million,-,Miami,Florida,,,,,,