PLATFORM,DONOR,RECIPIENTS,ACCESS,DATA,TYPE,CATEGORY,LAUNCH,PURPOSE,WEBSITE
Citizen Me,User Generated,Researches,Limited,Personal data such as Social Media or Smartphone behaviours.,Data Broker,General,2014,"""CitizenMe helps you take control of your data and gain value from it. The app contains different types of activities for different types of value.""",http://Citizenme.com/
DigMe,User Generated,"Users, Businesses, Others",Limited,"Collection of personal data: social networks, finance or health.",Data Broker,Internet,2009,"""redefining the relationship you have with your data, and with the businesses and services that use it""",http://Digi.me
InBloom,InBloom,"School administrators, teachers, and education technology developers",Closed,Student data.,Data Broker,Education,2011,"""aimed to store, clean and aggregate student data for states and districts, making data available and standardized for approved third party applications and software designed for educators.""",https://github.com/inbloom/
Intel's Big Data for Precision Farming,Intel,University of California and World Food Center,Limited,Data from sensors in crops and other strategic areas to monitor soil and air moisture levels.,Data Broker,Agriculture,2014,"""improving accuracy about the water supply of a crop, the people behind the project hope to reduce water waste and improve farming techniques to encourage sustainability.""",http://www.datacenterknowledge.com/archives/2014/06/09/intel-tackles-water-supply-problems-big-data/
Accelerating Medicines Partnership (AMP),Ten Biopharmaceutical Companies,National Institutes of Health and U.S. Food and Drug Administration,Limited,"Genomic and molecular data focused on Alzheimer's disease, type 2 diabetes mellitus, rheumatoid arthritis, and systemic lupus erythematosus.",Data Collaborative,Health,2014,"""combining public-private expertise and pooled data to reduce the time and cost of developing biomarkers for disease treatment.""",https://www.nih.gov/research-training/accelerating-medicines-partnership-amp
BBVA - Measuring People's Economic Resilience To Natural Disasters,BBVA,"United Nations Global Pulse, BBVA Bancomer and BBVA Data & Analytics",Limited,"Financial transaction data: Sale payments (PoS) and ATM cash withdrawal data from more than 100,000 of its clients in Mexico.",Data Collaborative,Economic,2014,"""to measure the resilience of communities following a natural disaster""",https://www.bbvadata.com/odile/
BBVA's Innova Challenge,BBVA,Participating Developers,Limited,Anonymized credit card transactions data.,Data Collaborative,Economic,2017,"""promote open collaboration between the bank and community, fostering a culture of innovation and participation.""",https://www.centrodeinnovacionbbva.com/en/innovachallenge/home
Beeline Crowdsourced Bus service,"Public, The Infocomm Development Authority (GovTech) and Land Transport Authority (LTA)","Beeline, Private Bus Companies, Public",Open,"Consolidated bus transportation and user data collected via the Beeline app, which can then represent ""community demand"" information.",Data Collaborative,Transport,2017,"""the goal is to create a more responsive and efficient transport system by ""crowdsourcing"" bus services. """,https://www.beeline.sg/
"California Data Collaborative (""CaDC"") coalition of water utilities",Californian Water Agencies,CaDC,Limited,"Water data: automate the collection, analysis, and securely store metered water use from participating agencies",Data Collaborative,Water,2016,"""Working together to ensure water reliability no matter what the future holds""",http://californiadatacollaborative.org/
China Green Horizon,IBM,Multiple,Limited,"Real-time data from optical sensors, air quality monitors, and satellites.",Data Collaborative,Pollution,2014,"""Green Horizon aims to empower China in transforming its national energy systems and support its needs for sustainable urbanization.""",http://dataimpacts.org/project/data-help-china-breath-better/
"Open, Improved Settlement Data",Facebook,CIESIN and Public,Open,"Mainly government collected census data, available by CIESIN, and Facebook's commercially purchased satellite imagery data.",Data Collaborative,Economic,2016,"""For Facebook, this collaboration allows the social-media company to obtain better rural settlement information in order to create technologies to improve connectivity in these regions.""",http://blogs.ei.columbia.edu/2016/11/29/ciesin-teams-with-facebook-to-develop-open-improved-settlement-data/
Clever,Clever,"School Administrators, Teachers and Education Technology Developers",Limited,Siloed data within a school’s student information system.,Data Collaborative,Education,2012,"""Clever keeps educational applications rostered and up-to-date. We make using software in schools as easy as ABC.""",https://clever.com/
Climate Modeling in Colombia,International Center for Tropical Agriculture and the Colombian Ministry of Agriculture,Colombian Growers,Limited,"Meterological data, along with data on the economics and agronomy of rice cultivation.",Data Collaborative,Agriculture,2015,"""provides information to growers and helps them improve their decision making about when to plant or not plant, as well as which varieties are most likely to have the best yields in the forecasted conditions.""",http://dataimpacts.org/project/climate-modeling/
Clinical Study Data Request Program,"Astellas, Bayer, Boehringer Ingelheim, GSK, Lilly, Novartis, Roche, Sanofi, Takeda, UCB and ViiV Healthcare",Selected Clinical Researchers,Limited,Anonymized clinical trial data from study sponsors.,Data Collaborative,Health,2013,"""allows researchers to safely and efficiently access multiple sources of clinical data provided by the portal's partners, helping to advance medical science and/or improve patient care.""",https://www.clinicalstudydatarequest.com/Default.aspx
Data City | Data Nation,"Ford, Dairy Farm, the National Environment Agency, the Land Transport Authority, among others.",Public,Open,Data from more than 15 partnering companies and agencies from the private and public sector.,Data Collaborative,General,2016,"""providing a financial incentive for winners who produce the most significant insights possible through their data analysis, public and private institutions are able to encourage greater learnings on ""how we move, what we do and their implications.""",http://www.dex.sg/data/mobility/#challenges
Data for Climate Action (D4CA),Multiple,Participating Developers,Limited,"Various anonymized, aggregated datasets available",Data Collaborative,General,2015,"""The effort specifically targeted private sector entities in order to provide participants with as much potentially useful data as possible for developing new and innovative solutions to the challenge of climate change.""",http://www.unglobalpulse.org/data-for-climate-action
Data For Good - Dalberg Data Insights,Real Impact Analytics,"CGAP, UN Global Pulse, UNMEER and Others",Limited,Mobile phone data.,Data Collaborative,Economic,2017,"""to interpret data and unlock solutions in international development, humanitarian action and social impact.""",https://www.dalbergdatainsights.com/
DataKind Labs Vision Zero Project,Microsoft and Municipal Governments,Local Governments,Limited,A combination of public and private data to provide insights about each city's transportion.,Data Collaborative,Transport,2017,"""Creating Safer Streets Through Data Science""",http://www.datakind.org/projects/creating-safer-streets-through-data-science/
"Deloitte's ConvergeHEALTH, Allergan and Intermountain Healthcare analytics","Intermountain, Healthcare Allergan",Deloitte's ConvergeHEALTH,Limited,Disclosed personal patient data.,Data Collaborative,Health,2015,"""This collaboration aims to enable data driven improvements to clinical care, and consequently improve patient health outcomes.""",http://www.prnewswire.com/news-releases/convergehealth-by-deloitte-and-intermountain-healthcare-expand-real-world-evidence-collaboration-with-allergan-to-focus-on-womens-health-300122465.html
"Digicel Telecom, Karolinska, and Columbia University Partnership",Digicel Telecom (Haiti),Karolinska Institute and Columbia University,Limited,Anonymized data on the position of 1.9 million SIMs in Haiti from 42 days before the 2010 earthquake to 158 days afterwards.,Data Collaborative,Health,2011,"""Mobile phone data in Haiti improves emergency aid""",http://ki.se/en/news/mobile-phone-data-in-haiti-improves-emergency-aid
Digital Ecologies Research Partnership,"Imgur, Reddit, Fark, Stack Exchange, Twitch, Deviant Art.",Researchers,Limited,Providing public data to academic researchers.,Data Collaborative,General,2014,"""DERP is a single point of contact for researchers to get in touch with relevant team members across a range of different community sites. We envision that this will lower the friction to investigating these sites in more depth, and broaden the scope of research happening within the academic community. Second, it remains difficult to conduct good cross-platform analyses in academic research. By bringing a number community of sites together under a single cooperative effort, we intend to lower the friction of doing so, as well as better enable the sites themselves to coordinate with one another on supporting researchers.""",http://Derp.institute/
Driven Data,Organisations,Researches,Limited,"Data from organizations from education to microfinance, social services to healthcare.",Data Collaborative,General,2014,"""We find real world questions where data science can have positive social impact, then run online modeling competitions for data scientists to develop the best models to solve them.""",http://Drivendata.org/
"Facebook, OECD and World Bank Measuring Business Sentiment",Facebook,OECD and World Bank,Limited,Business sentiment based on questioning companies that use their Facebook pages to connect with customers.,Data Collaborative,Economic,2016,"""attempts to provide accurate and timely information about business sentiment accross developed and developing countries in order to support economic growth and better inform business practices.""",https://www.wsj.com/articles/facebook-and-world-bank-link-up-to-gather-data-1475071295
Feeding America and Map the Meal Gap,Nielson,Feeding America,Limited,"Datasets on the Food Insecurity Rate, Food-Budget Shortfall, Cost-of-food Index and National Average Meal Cost.",Data Collaborative,Food,2015,"""collected and mapped data about food-insecurity across America in an attempt to aid research and advocacy efforts""",http://map.feedingamerica.org/county/2014/overall
Global Fishing Watch,"Google, Oceana and SkyTruth",Public,Open,"Data from the Automatic Identification System (AIS), used by more than 100,000 vessels worldwide.",Data Collaborative,Environment,2016,"""to ensure that fishing regulations are adequately monitored and tracked, allowing them to respond to illegal fishing rapidly and efficiently.""",http://globalfishingwatch.org/
Global Forest Watch,Multiple,Multiple,Open,Crowdsouced and geographical data.,Data Collaborative,Environment,2014,"""tracking envirnmental degradation, particularly deforestation, around the world""",http://www.globalforestwatch.org/
Graph Challenge for LinkedIn,LinkedIn,Researches,Limited,Anonymized data from job and employee promotion platform.,Data Collaborative,Economic,2014,"""to create economic opportunity for every member of the global workforce.""",https://blog.linkedin.com/2014/10/14/big-thinkers-big-data-big-opportunity-announcing-the-linkedin-economic-graph-challenge
Harvard's Malaria Tracking Research,Safaricom,Researchers,Closed,Cell phone data from 15million numbers in Kenya.,Data Collaborative,Health,2012,Analyzed the spread of malaria,http://Datacollaboratives.org/cases/harvards-malaria-tracking-research.html
Health Data Collaborative,Multiple Global Health Partners,"International Agencies, Governments, Philanthropies, Donors and Academics",Limited,Health data.,Data Collaborative,Health,2016,"""Working with countries to improve health data and build capacity to track progress towards the health-related Sustainable Development Goals.""",http://Healthdatacollaborative.org/
IBM Watson Health: Smarter Healthcare in Canada,Various Canadian hospitals,IBM,Limited,Healthcare data from participating hospitals.,Data Collaborative,Health,2016,"""New tools to analyze and glean the relevant information from this ocean of data are helping practitioners, researchers and caregivers discover new healthcare solutions and apply them in innovative ways.""",https://www-935.ibm.com/industries/healthcare/
JP Morgan Chase Online Platform Economy Report,Online Platform Workers like those from Uber; TaskRabbit or AirBnB,JP Morgan Chase,Closed,"Samples of platform participants (such as TaskRabbit or Uber users.) This corresponded to over 240,000 anonymized individuals.",Data Collaborative,Economic,2012,"""The aim of the Online Platform Economy report and related efforts was to analyze and scrutinize the burgeoning online labor-force, in order to better inform policy and public response to the field.""",https://www.jpmorganchase.com/corporate/institute/document/jpmc-institute-online-platform-econ-brief.pdf
LA Tech Talent Pipeline,LinkedIn,DataLA and City of Los Angeles,Closed,Anonymized data on the tech talent in their city.,Data Collaborative,Economic,2014,"""inform the strategic plan of the City’s Workforce Development Board and Economic and Workforce Development Department (EWDD), local community colleges, and other local educational institutions.""",https://data.lacity.org/stories/s/LA-Tech-Talent-Pipeline/x899-9vc5
"Lilly, T1D Exchange Diabetes Research Collaboration",T1D Exchange,Eli Lilly and Company,Limited,"Patient-centric registry of more than 26,000 people with T1D, a clinic network comprised of more than 70 clinics across the U.S., a sample repository that stores patient biosamples, and Glu, a patient and caregiver online community for T1D.",Data Collaborative,Health,2014,"""the initial premise was to analyze T1D exchange data and develop a survey for health care providers from the clinic network and members of Glu, and online patient and caregiver platform""",https://investor.lilly.com/releasedetail.cfm?ReleaseID=839116
LIRNEasia Big Data for Development,Multiple Mobile Networks,LIRNEasia,Closed,Data collected from mobile phones includes population data on geographical movement.,Data Collaborative,Health,2015,"""to model the spread of infectious diseases.""",http://lirneasia.net/projects/a-2015-18-research-program/mnbd/
Mapping Snow Melting in the Sierra Nevada,Intel,Earth Research Institute at the University of California Santa Barbara,Limited,Satellite imagery and snow mapping technologies to measure the snow range in the Sierra Nevada Mountains.,Data Collaborative,Environment,2017,"""enable governments and farmers to predict drought conditions and plan accordingly to save water for the future when water supply encounters issue. """,https://www.nytimes.com/interactive/2017/03/22/us/california-measuring-snowpack.html
MIT Labratory for Social Machines (LSM),"Uber, Airbnb, Netflix, Amazon, Facebook, Twitter, Snapchat, Weibo",Researches,Limited,Data from a number of digital networks.,Data Collaborative,Education,2014,"""Social Machines hosts a number of research projects that aim to map and analyze social systems, and design tools to support the positive use of human networks.""",http://socialmachines.media.mit.edu/
MIT Senseable City Labs | Urban Exposures,Several mobile phone operators in NYC,MIT Senseable City Labs,Limited,Geographically and time-referenced 3G mobile traffic data from several operators.,Data Collaborative,Environment,2016,"""attempts to use digital datasets to ""predict the impacts of the urban environment on human health.""",http://senseable.mit.edu/urban-exposures/
Mobile Data for Food Security,Nielsen,Word Food Programme,Limited,Data is collected by participants through a mobile phone survey.,Data Collaborative,Health,2015,"""aims to understand food insecurity in order to advise WFP's resouce allocations.""",http://www.nielsen.com/us/en/insights/news/2015/moving-to-mobile-how-phones-are-revolutionizing-hunger-relief.html
Mobile Phone Data for Optimizing Bus Routes in Korea,KT Corporation,Local Government,Limited,Late night phone call data.,Data Collaborative,Transport,2012,"""to improve bus routes in Seoul, to ensure they best serve passengers.""",http://dataimpacts.org/project/mobile-phone-data-optimize-bus-routes/
MSSNG,"MSSNG, Autism Speaks, Google",Researches,Limited,"The whole genome sequencing of blood DNA of 10,000 individuals from families from the Autism Genetic Research Exchange (AGRE) repository, or from other well-phenotyped cohorts entering into this study.",Data Collaborative,Health,2014,"""produce greater insights into the causes and progression of autism throughout society.""",https://www.mss.ng/
Myeloma Progression Predictor,The Multiple Myeloma Research Foundation,Topcoder and participating contestants,Limited,Data of 640 patients.,Data Collaborative,Health,2014,"""assist researchers in better understanding the disease and develop better treatments for patients.""",http://crowdsourcing.topcoder.com/myeloma_predictor
Nepal's Telecom Data & Post-Earthquake Mobility,NCell,Flowminder,Limited,"Locations for each user (through SIM cards) at two different times, and then counting the number of users who moved from one location to another.",Data Collaborative,Crisis Response,2015,"""enables a response system during the crisis (natural disasters, diseases outbreaks) with an established coordination among government, mobile network providers and humanitarian communities.""",https://www.gsma.com/mobilefordevelopment/wp-content/uploads/2015/12/GSMA_Disaster-Response_Nepal_Workshop.pdf
Obama Administration's Precision Medicine Initiative,American Association for Cancer Research (AACR),Public,Open,"19,000+ de-identified genomic records. This includes information on 59 major types of cancer, including breast, colorectal, and lung cancer.",Data Collaborative,Health,2017,"""the AACR's data initiative aims to promote the sharing and exchange of big data in an open and cooperative ecosystem, so as to accelerate healthcare research and spur the development of new insights and innovative cancer treatment.""",https://healthitanalytics.com/news/cancer-research-orgs-release-big-data-for-precision-medicine
Open Algorithms (OPAL) Project,"Orange, Sonatel, Microsoft and more","Data Pop, Alliance, World Economic Forum, MIT Media Lab and more",Limited,"An open suite of softwares and open algorithms providing access to statistical information coming from anonymized, secured and formatted data.",Data Collaborative,Society,2016,"""a collaborative project being developed by a group of partners committed to leveraging the power of platforms, big data and advanced analytics for the public good in a privacy-preserving, commercially sensible, stable, scalable, and sustainable manner.""",http://www.opalproject.org/about-us
Phillipines OpenTraffic Initiative,Grab,"World Bank, Cebu City and Metro Manila",Limited,Grab’s driver GPS data.,Data Collaborative,Transportation,2016,"""This real-time traffic data will assist traffic management agencies and city planners to better manage traffic flows on the streets of Cebu City and Metro Manila.""",http://www.worldbank.org/en/news/press-release/2016/04/05/philippines-real-time-data-can-improve-traffic-management-in
Physical Exposure Database,ImageCat,"The Center for International Earth Science Information Network (CIESIN) Columbia University, The University of Colorado, Boulder, SecondMuse and The Regional Centre for Mapping of Resources for Development (RCMRD)",Limited,A physical exposure database for parts of Sub-Saharan Africa.,Data Collaborative,Crisis Response,2015,"""analyze the earthquake, flood, drought, and landslide risks of 5 SubSaharan African countieis, in an effort to improve their resiliance to such natural disasters.""",http://www.imagecatinc.com/2015/06/imagecat-wins-world-bank-africa-exposure-development-project/
"Proximus, Statistical Agency of Belgium, Eurostat",Statistics Belgium and Eurostat,Proximus,Limited,"Belgian mobile phone data (from the major network operator, Proximus).",Data Collaborative,Telecommunications,2016,"""to find the accuracy of mobile phone data as a measure of resident population density in Belgium""",https://ec.europa.eu/eurostat/cros/system/files/assessing_the_quality_of_mobile_phone_data_as_a_source_of_statistics_q2016.pdf
UK-Brazil collaboration on leveraging crowdsourced and sensor data to support urban resilience,"Social Media, Multiple",Researchers in UK and Brazil,Limited,Various.,Data Collaborative,Environment,2016,"""establishing an interdisciplinary network to share data and knowledge to support decision-making involved in the monitoring and early-warning of floods and landslides with a view to improve urban resilience.""",http://www2.warwick.ac.uk/fac/cross_fac/cim/research/brazil_uk_collaboration
We Feel,Amazon Web Services and CSIRO,Black Dog Institute and Public,Open,Tweets: 19 thousand per minute.,Data Collaborative,Health,2014,"""hope to better understand how social and economic factors influence our emotions.""",http://wefeel.csiro.au/#/
Beacon,"300 leading institutions ( healthcare, research, disease advocacy, life science, and info tech)",,Limited,geonomic and clinical data,Data Collaborative,Health,2013,"""working together to create interoperable approaches to catalyze projects that will help unlock the great potential of genomic data""",https://genomicsandhealth.org
Sync4Science,"Researchers (Harvard Medical School Department of Biomedical Informatics), electronic health record vendors (Allscripts, athenahealth, Cerner, drchrono, eClinicalWorks, Epic, McKesson), and the United States federal government (Office of the National Coordinator for Health IT, Office of Science and Technology Policy, and National Institutes of Health).",,Limited,EHR data,Data Collaborative,Science,2016,"""A way to give patients access to the potential benefit from participating in research studies and a reduction in staff time to support data requests, as they flow automatically through our vendor-supplied patient portal.""",http://syncfor.science/
Open SNP,User Generated,Open,Open,"Genotype and phenotype : data from an online community of over 1600 individuals who’ve chosen to upload and publicly share their direct-to-consumer genetic testing results. (23andMe, DeCODEme, FamilyTreeDNA).",Data Donation,Health,2011,"Users can ""find others with similar genetic variations, learn more about their results by getting the latest primary literature on their variations, and help scientists find new associations.""",http://OpenSNP.org
Donate Your Data Waoo,User Generated,Charities,Limted,Collecting browsing history using browser plug.,Data Donation,Internet,2014,"""Making the world a better place, one kB at a time.""",http://Donateyourdata.info/
Ambry Genetics,Ambry Genetics,"Researchers, Medical Professionals, Patients",Limited,"Genomic information from 10,000 patients with breast and ovarian cancer.",Data Donation,Health,2016,"""The world would be a better place if all human disease was understood. - We help stop data hoarding and unlock the promise of the human genome project.""",http://Share.ambrygen.com/
Data Donors (Wikilife),User Generated,Open,Closed,"Data types includes physical activity, diet, sleep, mood, and many others.",Data Donation,General,2013,"""Developed and administed by the WikiLife foundation, the DataDonors platform allows individuals to upload and donate various forms of self-report and Quantified Self data.""",http://Datadonors.org
Donate Your Data Ecobee,Ecobee,NGOs,Closed,Voluntarily contributed home energy data.,Data Donation,Energy,2016,"""When a customer opts in, their anonymized ecobee data will be shared with leading academic, governmental and NGO partners across North America helping to advance sustainable home and community design.""",http://Ecobee.com/donateyourdata/
Harvards Personal Genome Project,User Generated,"""Public actors""",Open,Personal data for the greater good.,Data Donation,Health,2005,"""dedicated to creating public genome, health, and trait data""",http://Personalgenomes.org/
Heart to Heart,User Generated,Researchers,Limited,Heart rates: using PhotoPlethysmoGraphy (PPG) that measures light reflected in the blood.,Data Donation,Health,2015,"""to be the world’s largest heart health initiative, focusing on using the power of crowdsourcing to gain a million heart measurements in order to better understand the characteristics of the participants""",http://Heartrateapp.com/
Our Data Helps,User Generated,Academic Researchers,Limited,Social media and health data.,Data Donation,Health,2016,"""Giving researchers access to social media, fitness tracker, or wearable sensor data to change the scope of human knowledge about mental health""",http://Ourdatahelps.org
ProQOL Data Donation,User Generated,Academic Researchers,Open,"A collection of databases, domain theories, and data generators.",Data Donation,Internet,2007,"""used by the machine learning community for the empirical analysis of machine learning algorithms""",http://Archive.ics.uci.edu/ml/donation_policy.html
The Data Donation Pass,User Generated,"Family members, physicians, and selected research projects",Limited,Personal health and fitness data.,Data Donation,Health,2013,"""The data donation pass is an innovative way for citizens taking care of their personal health.""",http://We.analyzegenomes.com/apps/data-donation-pass/
The Good Data,User Generated,Selected Partners,Limited,Browsing data.,Data Donation,Internet,2014,"""Using the value of your browsing data to help people in need""",http://TheGoodData.org
Flu Near You,Public,"Harvard, Boston Children’s Hospital and The Skoll Global Threats Fund",Limited,Thousands of individuals submit weekly health,Data Donation,Health,2011,We believe that letting individuals report symptoms in real-time can complement traditional tracking while providing useful information directly to the public.,https://flunearyou.org
Tide Pool Big Data Donation Project,User Generated,Open,Limited,Enables an ecosystem of apps and tools that help people who are living with Type 1 diabetes.,Data Donation / Philanthropy,Health,2013,"""We are a non-profit, open source effort with the mission of reducing the burden of managing Type 1 diabetes.""",http://Tidepool.org
Patients Like Me,User Generated,Open and Genetech Research,Open,A patient network.,Data Donation & Open Data Platform,Health,2004,"""patients connect with others who have the same disease or condition and track and share their own experiences with the goal to improve outcomes.""",http://Patientslikeme.com/
Kaggle,Companies & Researchers,Data minors,Limited,All sorts of data sets,Data Market,Science,2010,"""a platform for predictive modelling and analytics competitions in which companies and researchers post data and statisticians and data miners compete to produce the best models for predicting and describing the data.""",https://www.kaggle.com/
Qlik,Data brokers,Buyers,Limited,All sorts of data sets,Data Market,Economic,2015,"""Make smarter business decisions. The Qlik DataMarket helps you find, connect and manage data from external sources""",http://www.qlik.com/us/products/qlik-data-market
Bitmark,User Generated,Commercial,Open,"Every type of digital data, be it digital art, personal health or location data.",Data Marketplace,General,2014,"""Bitmark is the property system for the digital environment. It enables individuals to claim ownership over personal data and digital assets.""",http://Bitmark.com/
Copenhagen-Hitachi City Data Exchange,City of Copenhagen and Hitachi,Multiple,Limited,"Public and private data: from the energy sector, universities, and existing open data portals.",Data Marketplace,General,2016,"""aims to make Copenhagen a truly smart city by using the latest insights gleaned from big data to spur innovation in the city. """,https://www.citydataexchange.com/
Data Coup,User Generated,Data brokers,Limited,"Data from debit/credit cards, Facebook, Twitter, LinkedIn, Foursquare, Google+, Youtube, Tumblr, Meetup and Instagram.",Data Marketplace,General,2014,"""provides a marketplace for individuals to sell a feed of their personal data, such as social media activity and credit card transactions, to information brokers for a monthly fee.""",http://Datacoup.com/
NetHope,Multiple,Multiple,Limited,Various.,Data Marketplace,Crisis Response,2001,"""We enable cross-sector collaboration between nonprofits and innovative companies to develop better programs, mitigate risks, and scale benefits for greater impact in the communities in which we work.""",http://nethope.org/our-approach/
NIH Big Data to Knowledge (BD2K),National Institute of Health (NIH),Academic researchers,Limited,Biomedical digital assets.,Data Marketplace,Health,2014,"""a trans-NIH, community-enabled endeavor towards maximizing the collective value of current and future biomedical digital assets to better inform and protect human health.""",https://grants.nih.gov/grants/guide/rfa-files/RFA-LM-15-001.html#sthash.9IWj4kcw.dpuf
Complete Public Reddit Comments Corpus,Reddit,Open,Open,"Every publicly available reddit comment from Octover of 2007 to May of 2015. - Approximately 350,000 comments out of ~1.65 billion were unavailable due to Reddit API issues.",Data Philanthropy,Social,2015,-,http://Archive.org/details/2015_reddit_comments_corpus
Data for Development Senegal,Orange,Researchers,Closed,"Mobile data, weather data from Senegal.",Data Philanthropy,General,2014,"""Analysis to help Senegal's development - ‘Data for Development Senegal’ is an innovation challenge open on ICT Big Data for the purposes of societal development.""",http://D4d.orange.com/en/Accueil
Digital Dog,Twitter and multiple,Black Dog and Institute University of Sydney,Limited,Social media data.,Data Philanthropy,Health,2015,"""Digital Dog is an arm of the Australian NGO Black Dog Institute, and aims to research how technology can be used to solve mental health problems.",http://digitaldog.org.au/
DigitalGlobe 8-Band Research Challenge,DigitalGlobe,Participating Researchers,Limited,Satelight imagery: high-resolution imagery data containing 8 spectral bands.,Data Philanthropy,Environment,2013,"""allowed unprecedented research to be gleaned, useful to determine Land Use Land Cover Analysis, Environmental Mapping and Monitoring, and Coastal Habitat Mapping.""",http://blog.digitalglobe.com/tag/8-band-research-challenge/
DiSARM: Disease Surveillance and Risk Monitoring,Google Earth Engine,Malaria Elimination Initiative,Limited,Satellite data shared and analyzed by Google Earth Engine.,Data Philanthropy,Health,2017,"""creat risk maps of malaria prone zones and affected populations""",http://www.disarm.io/
DMCII,DMCII,"""Public actors""",Limited,Satellite data during disasters.,Data Philanthropy,Imagery,1999,"""Official crisis response departments and relevant UN departments can request on-demand access to the visuals captured by these 'eyes in the sky' to better assess damage and coordinate relief efforts."" - helping advance energy efficiency research",http://www.dmcii.com/
Enexis Open Data Agenda,Enexis,Public,Open,Anonymized data about residential gas and electric energy use publically available via its website.,Data Philanthropy,Energy,2010,"""as part of their committment to open data and to encourage innovation in the field, and be transparent in order to respond efficiently to their customers' needs""",https://www.enexis.nl/over-enexis/open-data
Ethiopian Commodity Exchange,Ethiopian Commodity Exchange,Entrepreneurs,Limited,Real time eliable price information and consistent quality standards data.,Data Philanthropy,Agriculture,2008,"""aims to create transparent quality standards, allowing farmers to increase product quality and thereby the price they obtain""",http://dataimpacts.org/project/market-data-raise-farmer-income/
GlaxoSmithKline and Community Care of North Carolina Medicine Management,GlaxoSmithKline,Community Care of North Carolina,Limited,Patient data disclosed in electronic health records to better coordinate healthcare efforts.,Data Philanthropy,Health,2014,"""aims to lower health care costs and improve health outcomes by building on the insights gained through the data in electronic health records.""",https://us.gsk.com/en-us/media/press-releases/2014/north-carolina-based-collaboration-takes-on-medicine-management-challenge/
Google DeepMind/ NHS,UK National Health Service (NHS),DeepMind,Limited,Medical data.,Data Philanthropy,Health,2017,"""to conduct machine learning diagnoses""",
Google Flu Trends,Google,Center for Disease Control,Limited,Aggregating Google search queries of relevant terms.,Data Philanthropy,Health,2008,"""The goal of Google Flu Trends was to use search data to monitor health tracking behaviors online, and to reveal the presence of flu-like illness in a population.""",https://www.google.org/flutrends/about/
MasterCard Center for Inclusive Growth,MasterCard,Researchers,Closed,Data on global business travel.,Data Philanthropy,Location,2015,"""Our Mission is to empower people through inclusive economies by conducting & supporting various academic research & strategic philanthropic investments.""",http://Mastercardcenter.org/insights/data-donations-transforming-public-policy-academic-research/
Measuring Poverty from Space,Orbital Insights,World Bank,Limited,"US retail traffic, world oil storage, global water reserves, China's economic index, poverty mapping and agriculture.",Data Philanthropy,Economic Development,2015,"""testing the effectiveness of machine-analyzed satellite images for humanitarian data collection through deep learning artificial intelligence.""",https://medium.com/from-the-macroscope/measuring-poverty-from-space-4014fb37b488
Microsoft Intelligent Network for Eyecare (MINE),Microsoft India,L V Prasad Eye Institute and other research institutes,Limited,"Machine learning: The data used to program these machine learning techniques include rate of change of myopia in children, conditions that impact children’s eyesight, predictive outcomes of refractive surgery, and optimal surgery parameters.",Data Philanthropy,Health,2016,"""hopes to eliminate avoidable blindness and improve eyecare services across the globe.""",https://news.microsoft.com/en-in/microsoft-l-v-prasad-eye-institute-and-global-experts-collaborate-to-launch-microsoft-intelligent-network-for-eyecare/#sm.0000urhxlaxjkdlgq5n2b91j7aarn#2PgLxEhCg2pkgFmR.97
Missing Maps,Facebook,Red Cross and Missing Maps,Limited,Population density data.,Data Philanthropy,Crisis Response,2016,"""allows humanitarian organizations to more quickly identify communities and individuals in unmapped areas.""",http://www.redcross.org/news/article/Data-from-Facebook-helps-Red-Cross-make-better-maps
"Mobile Data, Environmental Extremes and Population (MDEEP) Project",Grameenphone (Telecom),"Telenor Group, UNU, Flowminder and ICCCAD",Limited,Anonymized telecom data.,Data Philanthropy,Environment,2013,"""as part of the Mobile Data, Environmental Extremes and Population (MDEEP) Project""",http://www.icccad.net/mdeep/
Open Region Iniative,Planet Labs,Open,Open,$60 million worth of global Satellite imagery.,Data Philanthropy,Environment,2015,"""The hope is easy and open access to the new data sets will provide a platform to help meet the UN's Sustainable Development Goals, which include tackling climate change, promoting sustainable use of resources and eliminating poverty.""",http://Planet.com/pulse/globalgoals/
Schneider Electric,Schneider Electric,Academic Researchers,Closed,"Data from 4,000+ disparate rural area Weather Stations.",Data Philanthropy,Environment,2015,"""providing a more holistic view of rural weather patterns across the US to Aid Research on Global Food Production as part of UN's Data for Climate Action Program""",http://www2.schneider-electric.com/corporate/en/press/press-releases/viewer-press-releases.page?c_filepath=/templatedata/Content/Press_Release/data/en/shared/2015/12/20151207_schneider_electric_pledges_open_access_to_proprietary_weather_data_to_.xml
Sidewalk Labs,Sidewalk Labs,City Transport Managers,Limited,Cities' digitized data.,Data Philanthropy,Infrastructure,2017,"""close the information gap between various sectors of government, their data and inventory, and the citizens that use it.""",https://www.sidewalklabs.com/
Strava Metro,Strava,Local Government Agencies,Limited,Crowdsourced data from over 90 million bike rides and 24 million runs.,Data Philanthropy,Transportation,2016,"""sharing images, basemaps and demographic information""",http://metro.strava.com/
The Good Growth Plan,Syngenta,Open,Open,"2014 baseline information for agricultural efficiency indicators collected on 3,600 farms in 41 countries across Europe, Africa, Latin America, North America and Asia Pacific, representing about 200 crop-climate combinations.",Data Philanthropy,Agriculture,2015,"""Making these data public will allow people to make their own assessments of the progress of our Good Growth Plan. It is also blurring the traditional roles of business, government and NGOs by highlighting our collective responsibility to address acute global challenges. Above all, the data will be of value to farmers, enabling them to increase productivity sustainably and to enhance their livelihoods.""",http://Theodi.org/news/new-crop-data-from-syngenta-to-allow-farmers-to-increase-sustainable-productivity
Tracking Malaria in Nambia with Cell Phone Data,Mobile Telecommunications Limited,Flowminder Foundation and The University of Southampton,Limited,Satellite and cell phone data.,Data Philanthropy,Health,2013,"""aimed to track and eliminate malaria in Namibia""",http://dataimpacts.org/project/malaria/
Twitter data grants,Twitter,Researchers,Ended,Real-time and historical access to Twitter data.,Data Philanthropy,Social,2014,"""To date, it has been challenging for researchers outside the company who are tackling big questions to collaborate with us to access our public, historical data. Our Data Grants program aims to change that by connecting research institutions and academics with the data they need.""",http://Blog.twitter.com/2014/introducing-twitter-data-grants
Uber Movement,Uber,City Officials and Public,Open,Anonymized information about the billions of rides its drivers have completed.,Data Philanthropy,Movement,2017,"""Let's find smarter ways forward - Making our cities move more efficiently matters to us all. That's why we're providing access to anonymized data from over 2 billion trips to help improve urban planning around the world.""",http://Movement.uber.com/cities
UN Global Pulse,DataSift and Twitter,UN Global Pulse,Limited,Data from social media posts about global development and humanitarian issues.,Data Philanthropy,Crisis Response,2014,"""to support UN Global Pulse with their efforts to use technology to provide better insights into humanitarian issues.""",
UNICEF and Facebook Ad Campaigns,Facebook,Unicef,Limited,Facebook Posts.,Data Philanthropy,"Health, Crisis Response",2016,"""use big data to better understand public health and development issues.""",http://unicefstories.org/2016/12/17/how-facebook-statuses-informed-the-zika-response-in-brazil/
Yale Open Data Access Project (YODA),Johnson & Johnson,Yale Open Data Access Project and Yale School of Medicine,Limited,Anonymized clinical trial data from Janssen – Jonhson&Johnson's pharmaceutical business wing.,Data Philanthropy,Health,2016,"""The purpose of YODA is to allow ressearchers access to important clinical data from J&J, whilst ensuring the safety and privacy of this initiative.""",http://yoda.yale.edu/
Yelp Dataset Challenge,Yelp,Academic Researches,Limited,"Crowdsourced user data on restaurants across global cities (such as Phoenix, Madison and Edinburgh).",Data Philanthropy,Health,2014,"""in an innovative way and break ground in research.""",https://www.yelp.com/dataset_challenge
Center for Big Data projects,Multiple,CBS- Center for Big Data Statistics,Limited,Big data from a variety of organizations in their Center for Big Data Statistics projects.,Data Pool,General,2016,"""The aim of the CBS' Center for Big Data is to take advantage of the large repository of government held data about communities and individuals, combine this with new data from other partners, and frequently share this data with the public in order to spark opportunities for ""synergy applications"" and ""effectively observe, measure and describe developments in society.""""",https://www.cbs.nl/en-gb/our-services/innovation/big-data
Esoko,Multiple,Esoko,Limited,"Multiple: weather, crop yields, production estimates and market prices.",Data Pool,Agriculture,2016,"""data is pooled and shared with participating farmers so they can obtain vital information about markets and businesses.""",
Genomic Data Commons,Multiple,NIH / University of Chicago,Limited,"NCI-generated data from a number of cancer genomic datasets, including The Cancer Genome Atlas (TCGA) and Therapeutically Applicable Research to Generate Effective Therapies (TARGET).",Data Pool,Health,2016,"""The primary goal of the GDC is to provide the cancer research community with a unified data repository supporting cancer genomic studies.""",https://gdc.cancer.gov/
NIH Precision Medicine Initiative,National Institute of Health (NIH),Academic researchers,Limited,Data from participants from diverse backgrounds.,Data Pool,Health,2015,"""PMI aims to be a participant-engaged, data-driven enterprise supporting research to prolong health and treat disease.""",https://allofus.nih.gov/
OpenTraffic,"Easy Taxi, Grab and Le.Taxi","OpenTraffic Partners, Conveyal, Mapzen, and World Bank Group",Limited,Crowdsourced traffic data from the anonymous positions of vehicles and smartphones around the world.,Data Pool,Transportation,2015,"""help to make planning decision within communties, support businesses and allow the public to access high-quality traffic data.""",http://opentraffic.io/
UNFPA and Worldpop,UNFPA and WorldPop,Public,Open,"census data combined with GIS data (collaboarting with CIESIn in some instances), as well as high resolution satellite imagery is pooled with ""bottom-up"" data microcensus data collected in the field.",Data Pool,Health,2013,"""to improve public health, humanitarian and development outcomes.""",http://www.worldpop.org.uk/about_our_work/case_studies/
Flattr,User Generated,Creators of Online Content,Limited,Interaction with content on the websites you visit measured using their browser add on.,Data Vendor,Internet,2010,"""that distributes the right amount of funds to those sites you engage with the most.""",Flattr.com
Data.com / Jigsaw,Business,Business,Limited,"Business contact information: full name, title, company, mailing address, business phone number and business email address",Database,Economic,2011,"""Salesforce Data.com is a crowd-source database, edited and updated daily by its users. It has a directory of more than 30 million contacts. .""",https://www.data.com/
Electronic Rothamsted Archive (e-RA),Rothamsted Research and Tessella,Public,Open,"Data from Rothamsted's Long-term Experiments, the oldest, continuous agronomic experiments in the world.",Open Data Marketplace,Agriculture,-,"""aims to make agricultural data available to the global scientific community in order to support agricultural innovation.""",http://www.era.rothamsted.ac.uk/
Digital Matatus,Multiple,Public,Open,User generated: University of Nairobi students geolocated stops along routes and recorded important information such as which stops are formally recognized by the city.,Open Data Platform,Transport,2014,"""helped passengers discover more efficient commuting routes""",http://www.digitalmatatus.com/
23andMe Research Portal,23andMe,Selected Partners,Limited,"A database of anonymized genetic data from more than 650,000 customers who decide to participate on the online medical studies.",Open Data Platform,Health,2006,"""allows research partners to quickly run queries on more than 1,000 diseases, conditions, and traits so that they can identify new associations between genetic markers using the 23andMe data.""",http://23andme.com/en-int/
Data Collaboratives,GovLab,"Companies, Public Agencies, and Research Institutions.",Limited,A repository and taxonomy of case studies showing how public and private organizations work together to exchange data.,Open Data Platform,General,2016,"DataCollaboratives.org is a resource on creating public value by exchanging data. In sync with the mission of the GovLab, the site seeks to provide insight on how responsible exchange of corporate data can improve people’s lives. It results from different partnerships with UNICEF and Omidyar Network.",http://Datacollaboratives.org/
Data World,User Generated,Open,Open,Open data sets of all kinds.,Open Data Platform,General,2015,"""We are building the most meaningful, collaborative, and abundant data resource in the world.""",http://Data.world
GitHub's Archive,GitHub,Open,Open,"GitHub's 20+ event types aggregated into hourly archives, which you can access with any HTTP client.",Open Data Platform,General,2015,"""Open-source developers all over the world are working on millions of projects: writing code & documentation, fixing & submitting bugs, and so forth. GitHub Archive is a project to record the public GitHub timeline, archive it, and make it easily accessible for further analysis.""",https://www.githubarchive.org/
Google Earth Enterprise,Google Earth Enterprises,Public,Open,Open-sourcing Google Earth products.,Open Data Platform,General,2017,"""allow a wide-range of developers to improve and build on the data available""",https://maps-apis.googleblog.com/2017/01/open-sourcing-google-earth-enterprise.html
Open Diversity Data,"US Companies, Open Diversity Data",Public,Open,Diversity data and the demographic makeup of companies.,Open Data Platform,Society,2016,"""allow people to more broadly scrutinize discrimination within their institutions, thereby encouraging greater diversity in their workplaces and beyond.""",http://opendiversitydata.org/
Open Humans,User Generated,Open,Open,"Personalised data: fitbit, ancestary, runkeeper, ect.",Open Data Platform,General,2015,"""It's our mission to help connect you and your data with researchers.""",http://Openhumans.org/
Open Images,Google,Open,Open,"Open Images Dataset, ""~9 million URLs to images that have been annotated with labels spanning over 6,000 categories.""",Open Data Platform,Imagery,2016,"""It is our hope that datasets like Open Images and the recently released YouTube-8M will be useful tools for the machine learning community.""",http://Research.googleblog.com/2016/09/introducing-open-images-dataset.html
Open Paths,Iphone IOS Devices - User Generated,Open,Limited,Personal location data files recorded by iOS devices.,Open Data Platform,Location,2011,"""Open Paths is an Android and iOS geolocation data collection tool developed by the New York Times R&D Lab. It periodically collects, transmits, and stores your geolocation in a secure database.""",http://Openpaths.cc/
Open Source Google,Google,Public,Open,Open source project data.,Open Data Platform,Internet,2017,"""By being open and freely available, it enables and encourages collaboration and the development of technology, solving real world problems.""",https://opensource.google.com/
Radiant Earth Imagery,Radiant Earth,Public,Open,Geospatial data from drones and satelights.,Open Data Platform,Society,2016,"""aims to share geospatial data for non-specialists to find and understand.""",https://www.radiant.earth/
Sage Bionetworks Network,Partners & Patients,Academic Researchers,Open,Complex biological data.,Open Data Platform,Health,2013,"""We work to redefine how complex biological data is gathered, shared and used, redefining it through open systems, incentives, and norms""",http://Sagebase.org/
The Living Atlas,"Public participating, Organizations",ArcGIS,Open,"Crowdsourced map data, GIS data and images from the public.",Open Data Platform,Digital Society,2015,"""aims to be a comprehensive and authoratative collection of ready-to-use global geographic information""",https://livingatlas.arcgis.com/en/#s=0
TM Forum Open API,Multiple,Participating Developers,Open,"Open API suite: a set of standard REST based APIs enabling rapid, repeatable, and flexible integration among operations and management system.",Open Data Platform,Economic,2017,"""a global initiative to enable end to end seamless connectivity, interoperability and portability across complex ecosystem based services.""",
Waze Connected Citizens Program,Esri and Waze,City governments and Public,Open,Real-time traffic data.,Open Data Platform,Transport,2006,"""Know what’s happening on your roads, Increase the efficiency of incident response, Reduce traffic congestion in your area and Make data-driven infrastructure decisions""",http://gpsworld.com/esri-partners-with-waze-on-open-data-sharing-for-governments/
Yelp LIVES score,City of San Francisco,Yelp,Open,Restaurant hygiene scores from the City of San Francisco are shared and imported onto the Yelp business pages of local restaurants.,Open Data Platform,Health,2013,"""enables local municipalities to display their hygiene inspection data""",https://www.yelpblog.com/2013/01/introducing-lives
Cancer Commons,"Patients, Physicians, and Scientists",Public,Open,"Data and knowledge aggregating and validating the insights, intuitions, and experiences of the networks clinicians.",Open Data Platform,Health,2015?,"""aims to ensure that patients and their physicians have the knowledge they need to make the best possible personalized.""",http://CancerCommons.org
Crisis Trends,Crisis Help Line,Researches & Public,Open,Annonymised text messages sent to the Crisis Text Line in America.,Open Data Platform,Health,2013,"""Crisis Trends aims to empower journalists, researchers, school administrators, parents and all citizens to understand the crises Americans face so we can work together to prevent future crises from happening.""",http://Crisistrends.org